member_id,first_name,surname,sex,email,city
47,Joyce,Newton,F,Joyce.Ne@gmail.com,Herzelia
126,Macey,Almond,M,Macey.Almond@yahoo.com,Tel Aviv
68,Aydin,Hirst,M,Aydin.Hirst@hotmail.com,Tel Aviv
193,Mira,Kent,M,Mi.Kent@walla.co.il,Tel Aviv
53,Lilly-Ann,Frey,F,Li.Fr@hotmail.com,Tel Aviv
115,Rami,Sexton,M,Rami.Sexton@hotmail.com,Ramat Gan
192,Amrit,Haworth,M,Am.Ha@hotmail.com,Givatayim
19,Nico,Hastings,M,Ni.Hastings@walla.co.il,Givatayim
176,Amman,Zavala,F,Am.Zavala@gmail.com,Givatayim
130,Haleemah,Davidson,F,Haleemah.Da@yahoo.com,Tel Aviv
195,Samuel,Huerta,M,Sa.Huerta@gmail.com,Ramat Gan
191,Kara,Thompson,F,Kara.Thompson@gmail.com,Ramat Gan
84,Simone,Morse,F,Si.Mo@hotmail.com,Givatayim
77,Claude,Patel,M,Cl.Pa@yahoo.com,Tel Aviv
133,Liyana,Stanton,F,Li.Stanton@hotmail.com,Ramat Gan
67,Campbell,Alvarez,M,Campbell.Alvarez@hotmail.com,Givatayim
2,Landon,Bishop,F,La.Bi@gmail.com,Herzelia
69,Griff,Blackwell,M,Griff.Blackwell@walla.co.il,Ramat Hasharon
82,Misha,Ashley,M,Mi.As@hotmail.com,Ramat Hasharon
174,Freyja,Molina,F,Fr.Mo@hotmail.com,Tel Aviv
177,Sydney,Wells,F,Sy.Wells@yahoo.com,Tel Aviv
7,Asia,Tang,F,Asia.Ta@hotmail.com,Herzelia
58,Colleen,Steele,F,Co.St@hotmail.com,Tel Aviv
132,Yousuf,Banks,M,Yousuf.Ba@hotmail.com,Ramat Gan
162,Christos,Rodriquez,M,Ch.Ro@yahoo.com,Ramat Hasharon
128,Parker,Drake,M,Parker.Dr@walla.co.il,Ramat Hasharon
59,Jaydon,Trujillo,M,Jaydon.Tr@walla.co.il,Tel Aviv
22,Mikaela,Croft,F,Mi.Croft@gmail.com,Givatayim
198,Drew,Begum,M,Drew.Begum@gmail.com,Ramat Hasharon
196,Juan,Barlow,M,Juan.Ba@yahoo.com,Herzelia
140,Florrie,Wilson,F,Fl.Wilson@walla.co.il,Tel Aviv
150,Lilly-Mae,Greer,F,Li.Gr@hotmail.com,Ramat Hasharon
37,Robert,Mckee,M,Robert.Mckee@gmail.com,Herzelia
161,Callen,Dodd,M,Ca.Dodd@hotmail.com,Ramat Hasharon
18,Rohan,Farrell,F,Ro.Fa@yahoo.com,Ramat Hasharon
78,Whitney,Farrington,M,Whitney.Farrington@yahoo.com,Ramat Hasharon
100,Patryk,Burgess,M,Patryk.Burgess@yahoo.com,Herzelia
117,Lillie,Barnard,F,Li.Barnard@hotmail.com,Herzelia
27,Seth,Calvert,M,Se.Ca@walla.co.il,Ramat Hasharon
199,Nial,Meadows,M,Nial.Me@yahoo.com,Givatayim
143,Aman,Driscoll,M,Am.Dr@hotmail.com,Herzelia
51,Essa,Hope,M,Essa.Ho@walla.co.il,Herzelia
142,Atlanta,Cunningham,F,At.Cunningham@hotmail.com,Herzelia
113,Macie,Lara,F,Ma.La@gmail.com,Ramat Hasharon
96,Presley,Yu,F,Pr.Yu@walla.co.il,Ramat Hasharon
147,Ahsan,Oneil,M,Ah.On@walla.co.il,Herzelia
153,Kaiya,Robin,M,Ka.Robin@walla.co.il,Givatayim
48,Kaison,Harvey,M,Kaison.Harvey@yahoo.com,Ramat Gan
160,Yu,Hudson,F,Yu.Hu@yahoo.com,Tel Aviv
50,Jayda,Lord,F,Jayda.Lord@walla.co.il,Tel Aviv
73,Sohaib,Walls,M,Sohaib.Walls@gmail.com,Givatayim
76,Christina,Blankenship,F,Christina.Bl@walla.co.il,Herzelia
88,Anayah,Lee,F,Anayah.Lee@hotmail.com,Herzelia
144,Willie,Cairns,M,Willie.Ca@hotmail.com,Herzelia
167,Milan,Brookes,F,Mi.Br@gmail.com,Givatayim
97,Gabriel,Bannister,M,Ga.Bannister@gmail.com,Tel Aviv
104,Blake,Dyer,F,Blake.Dy@gmail.com,Ramat Hasharon
71,Cecil,Hatfield,M,Ce.Ha@hotmail.com,Ramat Hasharon
21,Marlon,Day,M,Marlon.Day@gmail.com,Tel Aviv
31,Kaisha,Watkins,F,Kaisha.Watkins@walla.co.il,Ramat Gan
14,Clarke,Ponce,M,Clarke.Ponce@walla.co.il,Ramat Gan
12,Glyn,Cooper,M,Gl.Co@hotmail.com,Ramat Hasharon
187,Niyah,Whelan,M,Niyah.Whelan@yahoo.com,Ramat Hasharon
94,Sayed,Irvine,M,Sayed.Ir@yahoo.com,Herzelia
138,Jiya,Raymond,F,Ji.Ra@hotmail.com,Givatayim
183,Elijah,Beech,M,Elijah.Be@hotmail.com,Tel Aviv
89,Jerry,Smith,F,Jerry.Sm@gmail.com,Givatayim
3,Jia,Delarosa,M,Jia.De@gmail.com,Herzelia
122,Ellena,Castro,F,El.Ca@yahoo.com,Herzelia
141,Chanel,Paine,F,Chanel.Paine@gmail.com,Ramat Gan
108,Alexa,Stokes,F,Al.Stokes@yahoo.com,Tel Aviv
43,Simrah,Greig,F,Si.Greig@yahoo.com,Herzelia
42,Aahil,Redman,M,Aahil.Re@hotmail.com,Ramat Hasharon
200,Diya,Myers,F,Diya.My@walla.co.il,Givatayim
127,Tylor,Cochran,M,Ty.Cochran@gmail.com,Ramat Gan
139,Octavia,Hooper,F,Oc.Hooper@gmail.com,Ramat Gan
38,Nathalie,Marshall,F,Na.Marshall@yahoo.com,Givatayim
17,Ellis,Coates,F,El.Co@gmail.com,Ramat Hasharon
107,Anton,Ray,M,Anton.Ray@yahoo.com,Givatayim
4,Valentina,Ratcliffe,F,Va.Ratcliffe@gmail.com,Herzelia
16,Sonia,Rosales,F,So.Ro@yahoo.com,Givatayim
95,Briony,Plummer,F,Br.Pl@yahoo.com,Herzelia
55,Yasir,Noel,M,Ya.Noel@walla.co.il,Givatayim
120,Bridget,Colley,F,Bridget.Co@gmail.com,Givatayim
179,Israel,Dunlap,M,Is.Du@walla.co.il,Ramat Gan
99,Osian,England,M,Os.England@hotmail.com,Herzelia
54,Cavan,Bates,M,Ca.Ba@walla.co.il,Ramat Hasharon
75,Bridie,Morales,F,Bridie.Morales@yahoo.com,Ramat Gan
125,Maheen,Marin,M,Maheen.Ma@hotmail.com,Herzelia
10,Mahad,Ware,M,Ma.Ware@walla.co.il,Givatayim
124,Imogen,Lynch,F,Im.Ly@hotmail.com,Ramat Hasharon
163,Aman,Mccoy,F,Aman.Mc@hotmail.com,Herzelia
189,Nelson,Esparza,M,Nelson.Esparza@yahoo.com,Herzelia
136,Shanay,Reyna,M,Sh.Reyna@yahoo.com,Givatayim
72,Nichole,Edge,F,Nichole.Edge@gmail.com,Givatayim
45,Jaime,Britton,M,Jaime.Britton@walla.co.il,Tel Aviv
49,Blane,Compton,M,Bl.Co@gmail.com,Ramat Hasharon
137,Terrence,Payne,M,Te.Pa@hotmail.com,Tel Aviv
175,Sadie,Waller,F,Sadie.Wa@gmail.com,Ramat Gan
154,Daanyal,Holding,M,Da.Ho@walla.co.il,Ramat Hasharon
24,Amy-Louise,Mayo,F,Am.Mayo@gmail.com,Herzelia
157,Lynn,Mackie,F,Lynn.Ma@yahoo.com,Herzelia
63,Lorena,Dunkley,M,Lo.Dunkley@walla.co.il,Givatayim
178,Jill,Frame,M,Jill.Fr@gmail.com,Tel Aviv
5,Stacie,Patel,F,St.Patel@hotmail.com,Ramat Hasharon
33,Elspeth,Zuniga,F,El.Zu@gmail.com,Ramat Hasharon
85,Milly,Cash,F,Mi.Cash@gmail.com,Ramat Gan
9,Maison,Watt,M,Maison.Watt@gmail.com,Ramat Gan
28,Cassidy,Villa,F,Cassidy.Villa@walla.co.il,Tel Aviv
170,Acacia,Slater,F,Ac.Slater@walla.co.il,Tel Aviv
91,Leo,Walton,M,Leo.Walton@hotmail.com,Givatayim
164,Danyal,Brennan,M,Da.Brennan@gmail.com,Ramat Hasharon
118,Amar,Hewitt,M,Amar.He@gmail.com,Herzelia
156,Amara,Shelton,M,Am.Sh@yahoo.com,Givatayim
129,Bobbie,Cochran,F,Bo.Cochran@gmail.com,Herzelia
119,Steffan,Mata,M,St.Ma@walla.co.il,Ramat Gan
30,Anisah,Downs,F,An.Do@yahoo.com,Ramat Hasharon
74,Lani,O'Reilly,M,Lani.O@walla.co.il,Herzelia
197,Natalia,Daniel,F,Natalia.Da@gmail.com,Herzelia
111,Barbara,Hayward,F,Barbara.Ha@hotmail.com,Ramat Gan
80,Sioned,Russell,F,Sioned.Russell@walla.co.il,Ramat Hasharon
182,Micah,Tucker,M,Mi.Tu@yahoo.com,Ramat Gan
188,Darlene,Perry,F,Da.Perry@hotmail.com,Ramat Gan
29,Madison,Sanchez,F,Madison.Sanchez@hotmail.com,Ramat Hasharon
26,Estelle,Doherty,F,Estelle.Do@hotmail.com,Herzelia
6,Fallon,Case,M,Fa.Case@walla.co.il,Ramat Hasharon
103,Gregor,Bishop,M,Gr.Bishop@hotmail.com,Givatayim
149,Zoey,Hendricks,F,Zoey.He@hotmail.com,Herzelia
172,Frances,Major,M,Fr.Major@gmail.com,Givatayim
109,Simon,Mccormick,M,Si.Mc@walla.co.il,Herzelia
83,Tony,Francis,M,To.Francis@gmail.com,Givatayim
112,Faith,Owen,F,Fa.Ow@yahoo.com,Ramat Hasharon
93,Alexandru,Holmes,M,Al.Ho@hotmail.com,Givatayim
87,Mason,Booth,M,Ma.Bo@yahoo.com,Ramat Gan
25,Safwan,Flowers,M,Sa.Flowers@hotmail.com,Tel Aviv
105,Bonita,Benton,F,Bo.Benton@hotmail.com,Tel Aviv
1,Ollie,Kinney,M,Ol.Kinney@walla.co.il,Herzelia
81,Daniel,Calderon,M,Daniel.Ca@walla.co.il,Givatayim
158,Kristi,Faulkner,M,Kr.Fa@walla.co.il,Givatayim
64,Jody,Horn,F,Jo.Ho@walla.co.il,Ramat Gan
131,Jun,Barnard,M,Ju.Ba@hotmail.com,Ramat Hasharon
35,Ines,Lott,M,Ines.Lo@hotmail.com,Givatayim
106,Simeon,Guevara,M,Simeon.Gu@walla.co.il,Ramat Hasharon
135,Cynthia,Frye,F,Cy.Fr@walla.co.il,Ramat Gan
181,Armaan,Weston,M,Ar.Weston@hotmail.com,Tel Aviv
8,Jadine,Holt,F,Ja.Holt@yahoo.com,Givatayim
79,Danny,Ortiz,M,Danny.Or@hotmail.com,Ramat Hasharon
102,Wren,Arnold,F,Wren.Arnold@yahoo.com,Ramat Hasharon
159,Kaden,Oneal,M,Ka.Oneal@walla.co.il,Ramat Hasharon
65,Carmen,Calvert,F,Carmen.Ca@hotmail.com,Tel Aviv
110,Danyl,Martins,M,Da.Martins@yahoo.com,Givatayim
114,Matthias,Norton,M,Matthias.No@yahoo.com,Givatayim
98,Amina,Hogan,F,Am.Ho@yahoo.com,Givatayim
44,Evie,Berg,F,Ev.Be@gmail.com,Herzelia
41,Hadi,Gardiner,M,Hadi.Ga@hotmail.com,Herzelia
66,Kamron,Goodwin,M,Ka.Goodwin@hotmail.com,Ramat Hasharon
60,Bryson,Lynch,M,Bryson.Ly@hotmail.com,Tel Aviv
39,Alyx,Conway,M,Alyx.Conway@walla.co.il,Tel Aviv
32,Fox,Hunt,M,Fox.Hu@walla.co.il,Herzelia
165,Frankie,Huff,F,Frankie.Huff@walla.co.il,Ramat Hasharon
70,Ari,Barr,M,Ar.Barr@yahoo.com,Ramat Hasharon
121,Princess,Timms,F,Pr.Ti@gmail.com,Tel Aviv
101,Yaqub,Reese,M,Ya.Reese@gmail.com,Tel Aviv
180,Bilaal,Berry,M,Bilaal.Berry@yahoo.com,Ramat Gan
148,Nora,Xiong,M,Nora.Xiong@walla.co.il,Herzelia
155,Axl,Bull,M,Axl.Bull@walla.co.il,Ramat Hasharon
116,Tess,Dorsey,F,Tess.Dorsey@yahoo.com,Ramat Hasharon
13,Jed,Fuentes,M,Je.Fu@hotmail.com,Givatayim
123,Romy,Neal,F,Romy.Neal@walla.co.il,Tel Aviv
20,Adelina,Ashley,F,Ad.As@hotmail.com,Herzelia
194,Shannon,Harwood,F,Shannon.Ha@walla.co.il,Givatayim
184,Farah,Sutton,F,Farah.Sutton@yahoo.com,Tel Aviv
151,Arisha,Irving,F,Ar.Irving@walla.co.il,Ramat Hasharon
168,Manveer,Knight,F,Manveer.Kn@hotmail.com,Herzelia
52,Franklyn,Findlay,M,Franklyn.Findlay@yahoo.com,Tel Aviv
92,Sofia,Calhoun,F,So.Calhoun@walla.co.il,Ramat Gan
40,Mairead,Acevedo,F,Ma.Acevedo@walla.co.il,Herzelia
61,Kiki,Schneider,F,Kiki.Sc@hotmail.com,Herzelia
166,Luka,Holder,F,Luka.Ho@yahoo.com,Givatayim
134,Brandi,Travis,F,Brandi.Travis@hotmail.com,Tel Aviv
23,Isla-Rose,Heaton,F,Isla-Rose.He@gmail.com,Ramat Hasharon
152,Keir,Broughton,F,Ke.Broughton@hotmail.com,Givatayim
186,Ariya,Armstrong,F,Ariya.Armstrong@gmail.com,Givatayim
36,Sarah,Crossley,F,Sarah.Cr@hotmail.com,Tel Aviv
171,Hanna,Shelton,F,Hanna.Shelton@walla.co.il,Givatayim
56,Kyra,Mccann,F,Ky.Mc@walla.co.il,Tel Aviv
90,Joss,Brandt,F,Joss.Brandt@walla.co.il,Tel Aviv
34,Leoni,Lindsay,F,Leoni.Lindsay@yahoo.com,Ramat Gan
46,Mariyah,Green,F,Ma.Green@walla.co.il,Herzelia
173,Renzo,Henderson,M,Re.Henderson@walla.co.il,Ramat Gan
57,Kya,Melton,M,Kya.Me@gmail.com,Herzelia
15,Krystal,Bridges,F,Krystal.Bridges@hotmail.com,Herzelia
190,Kristina,Hutchinson,F,Kr.Hutchinson@yahoo.com,Ramat Gan
146,Tiya,Warren,F,Tiya.Warren@gmail.com,Tel Aviv
11,Louisa,Grant,F,Lo.Gr@gmail.com,Ramat Gan
185,Subhaan,Washington,M,Su.Wa@hotmail.com,Givatayim
62,Janine,Coulson,F,Ja.Coulson@gmail.com,Herzelia
145,Taran,Samuels,F,Ta.Samuels@hotmail.com,Herzelia
86,Keir,Ewing,M,Keir.Ewing@walla.co.il,Ramat Hasharon
169,Emaan,Greenaway,M,Emaan.Greenaway@gmail.com,Herzelia
47,Joyce,Newton,F,Joyce.Ne@gmail.com,Herzelia
126,Macey,Almond,M,Macey.Almond@yahoo.com,Tel Aviv
68,Aydin,Hirst,M,Aydin.Hirst@hotmail.com,Tel Aviv
115,Rami,Sexton,M,Rami.Sexton@hotmail.com,Ramat Gan
193,Mira,Kent,M,Mi.Kent@walla.co.il,Tel Aviv
53,Lilly-Ann,Frey,F,Li.Fr@hotmail.com,Tel Aviv
192,Amrit,Haworth,M,Am.Ha@hotmail.com,Givatayim
19,Nico,Hastings,M,Ni.Hastings@walla.co.il,Givatayim
176,Amman,Zavala,F,Am.Zavala@gmail.com,Givatayim
130,Haleemah,Davidson,F,Haleemah.Da@yahoo.com,Tel Aviv
195,Samuel,Huerta,M,Sa.Huerta@gmail.com,Ramat Gan
84,Simone,Morse,F,Si.Mo@hotmail.com,Givatayim
191,Kara,Thompson,F,Kara.Thompson@gmail.com,Ramat Gan
77,Claude,Patel,M,Cl.Pa@yahoo.com,Tel Aviv
133,Liyana,Stanton,F,Li.Stanton@hotmail.com,Ramat Gan
67,Campbell,Alvarez,M,Campbell.Alvarez@hotmail.com,Givatayim
2,Landon,Bishop,F,La.Bi@gmail.com,Herzelia
69,Griff,Blackwell,M,Griff.Blackwell@walla.co.il,Ramat Hasharon
82,Misha,Ashley,M,Mi.As@hotmail.com,Ramat Hasharon
174,Freyja,Molina,F,Fr.Mo@hotmail.com,Tel Aviv
177,Sydney,Wells,F,Sy.Wells@yahoo.com,Tel Aviv
7,Asia,Tang,F,Asia.Ta@hotmail.com,Herzelia
58,Colleen,Steele,F,Co.St@hotmail.com,Tel Aviv
132,Yousuf,Banks,M,Yousuf.Ba@hotmail.com,Ramat Gan
162,Christos,Rodriquez,M,Ch.Ro@yahoo.com,Ramat Hasharon
128,Parker,Drake,M,Parker.Dr@walla.co.il,Ramat Hasharon
59,Jaydon,Trujillo,M,Jaydon.Tr@walla.co.il,Tel Aviv
22,Mikaela,Croft,F,Mi.Croft@gmail.com,Givatayim
198,Drew,Begum,M,Drew.Begum@gmail.com,Ramat Hasharon
196,Juan,Barlow,M,Juan.Ba@yahoo.com,Herzelia
140,Florrie,Wilson,F,Fl.Wilson@walla.co.il,Tel Aviv
150,Lilly-Mae,Greer,F,Li.Gr@hotmail.com,Ramat Hasharon
161,Callen,Dodd,M,Ca.Dodd@hotmail.com,Ramat Hasharon
37,Robert,Mckee,M,Robert.Mckee@gmail.com,Herzelia
18,Rohan,Farrell,F,Ro.Fa@yahoo.com,Ramat Hasharon
78,Whitney,Farrington,M,Whitney.Farrington@yahoo.com,Ramat Hasharon
100,Patryk,Burgess,M,Patryk.Burgess@yahoo.com,Herzelia
117,Lillie,Barnard,F,Li.Barnard@hotmail.com,Herzelia
27,Seth,Calvert,M,Se.Ca@walla.co.il,Ramat Hasharon
199,Nial,Meadows,M,Nial.Me@yahoo.com,Givatayim
143,Aman,Driscoll,M,Am.Dr@hotmail.com,Herzelia
51,Essa,Hope,M,Essa.Ho@walla.co.il,Herzelia
142,Atlanta,Cunningham,F,At.Cunningham@hotmail.com,Herzelia
113,Macie,Lara,F,Ma.La@gmail.com,Ramat Hasharon
96,Presley,Yu,F,Pr.Yu@walla.co.il,Ramat Hasharon
147,Ahsan,Oneil,M,Ah.On@walla.co.il,Herzelia
153,Kaiya,Robin,M,Ka.Robin@walla.co.il,Givatayim
48,Kaison,Harvey,M,Kaison.Harvey@yahoo.com,Ramat Gan
160,Yu,Hudson,F,Yu.Hu@yahoo.com,Tel Aviv
50,Jayda,Lord,F,Jayda.Lord@walla.co.il,Tel Aviv
73,Sohaib,Walls,M,Sohaib.Walls@gmail.com,Givatayim
76,Christina,Blankenship,F,Christina.Bl@walla.co.il,Herzelia
88,Anayah,Lee,F,Anayah.Lee@hotmail.com,Herzelia
144,Willie,Cairns,M,Willie.Ca@hotmail.com,Herzelia
97,Gabriel,Bannister,M,Ga.Bannister@gmail.com,Tel Aviv
167,Milan,Brookes,F,Mi.Br@gmail.com,Givatayim
104,Blake,Dyer,F,Blake.Dy@gmail.com,Ramat Hasharon
71,Cecil,Hatfield,M,Ce.Ha@hotmail.com,Ramat Hasharon
21,Marlon,Day,M,Marlon.Day@gmail.com,Tel Aviv
31,Kaisha,Watkins,F,Kaisha.Watkins@walla.co.il,Ramat Gan
14,Clarke,Ponce,M,Clarke.Ponce@walla.co.il,Ramat Gan
12,Glyn,Cooper,M,Gl.Co@hotmail.com,Ramat Hasharon
187,Niyah,Whelan,M,Niyah.Whelan@yahoo.com,Ramat Hasharon
94,Sayed,Irvine,M,Sayed.Ir@yahoo.com,Herzelia
138,Jiya,Raymond,F,Ji.Ra@hotmail.com,Givatayim
183,Elijah,Beech,M,Elijah.Be@hotmail.com,Tel Aviv
89,Jerry,Smith,F,Jerry.Sm@gmail.com,Givatayim
3,Jia,Delarosa,M,Jia.De@gmail.com,Herzelia
122,Ellena,Castro,F,El.Ca@yahoo.com,Herzelia
108,Alexa,Stokes,F,Al.Stokes@yahoo.com,Tel Aviv
141,Chanel,Paine,F,Chanel.Paine@gmail.com,Ramat Gan
43,Simrah,Greig,F,Si.Greig@yahoo.com,Herzelia
42,Aahil,Redman,M,Aahil.Re@hotmail.com,Ramat Hasharon
200,Diya,Myers,F,Diya.My@walla.co.il,Givatayim
139,Octavia,Hooper,F,Oc.Hooper@gmail.com,Ramat Gan
127,Tylor,Cochran,M,Ty.Cochran@gmail.com,Ramat Gan
38,Nathalie,Marshall,F,Na.Marshall@yahoo.com,Givatayim
17,Ellis,Coates,F,El.Co@gmail.com,Ramat Hasharon
107,Anton,Ray,M,Anton.Ray@yahoo.com,Givatayim
4,Valentina,Ratcliffe,F,Va.Ratcliffe@gmail.com,Herzelia
16,Sonia,Rosales,F,So.Ro@yahoo.com,Givatayim
95,Briony,Plummer,F,Br.Pl@yahoo.com,Herzelia
55,Yasir,Noel,M,Ya.Noel@walla.co.il,Givatayim
120,Bridget,Colley,F,Bridget.Co@gmail.com,Givatayim
179,Israel,Dunlap,M,Is.Du@walla.co.il,Ramat Gan
99,Osian,England,M,Os.England@hotmail.com,Herzelia
75,Bridie,Morales,F,Bridie.Morales@yahoo.com,Ramat Gan
54,Cavan,Bates,M,Ca.Ba@walla.co.il,Ramat Hasharon
125,Maheen,Marin,M,Maheen.Ma@hotmail.com,Herzelia
10,Mahad,Ware,M,Ma.Ware@walla.co.il,Givatayim
124,Imogen,Lynch,F,Im.Ly@hotmail.com,Ramat Hasharon
163,Aman,Mccoy,F,Aman.Mc@hotmail.com,Herzelia
189,Nelson,Esparza,M,Nelson.Esparza@yahoo.com,Herzelia
136,Shanay,Reyna,M,Sh.Reyna@yahoo.com,Givatayim
72,Nichole,Edge,F,Nichole.Edge@gmail.com,Givatayim
45,Jaime,Britton,M,Jaime.Britton@walla.co.il,Tel Aviv
49,Blane,Compton,M,Bl.Co@gmail.com,Ramat Hasharon
137,Terrence,Payne,M,Te.Pa@hotmail.com,Tel Aviv
175,Sadie,Waller,F,Sadie.Wa@gmail.com,Ramat Gan
157,Lynn,Mackie,F,Lynn.Ma@yahoo.com,Herzelia
154,Daanyal,Holding,M,Da.Ho@walla.co.il,Ramat Hasharon
24,Amy-Louise,Mayo,F,Am.Mayo@gmail.com,Herzelia
178,Jill,Frame,M,Jill.Fr@gmail.com,Tel Aviv
63,Lorena,Dunkley,M,Lo.Dunkley@walla.co.il,Givatayim
5,Stacie,Patel,F,St.Patel@hotmail.com,Ramat Hasharon
85,Milly,Cash,F,Mi.Cash@gmail.com,Ramat Gan
33,Elspeth,Zuniga,F,El.Zu@gmail.com,Ramat Hasharon
9,Maison,Watt,M,Maison.Watt@gmail.com,Ramat Gan
28,Cassidy,Villa,F,Cassidy.Villa@walla.co.il,Tel Aviv
170,Acacia,Slater,F,Ac.Slater@walla.co.il,Tel Aviv
91,Leo,Walton,M,Leo.Walton@hotmail.com,Givatayim
164,Danyal,Brennan,M,Da.Brennan@gmail.com,Ramat Hasharon
118,Amar,Hewitt,M,Amar.He@gmail.com,Herzelia
156,Amara,Shelton,M,Am.Sh@yahoo.com,Givatayim
129,Bobbie,Cochran,F,Bo.Cochran@gmail.com,Herzelia
119,Steffan,Mata,M,St.Ma@walla.co.il,Ramat Gan
30,Anisah,Downs,F,An.Do@yahoo.com,Ramat Hasharon
74,Lani,O'Reilly,M,Lani.O@walla.co.il,Herzelia
197,Natalia,Daniel,F,Natalia.Da@gmail.com,Herzelia
111,Barbara,Hayward,F,Barbara.Ha@hotmail.com,Ramat Gan
182,Micah,Tucker,M,Mi.Tu@yahoo.com,Ramat Gan
80,Sioned,Russell,F,Sioned.Russell@walla.co.il,Ramat Hasharon
188,Darlene,Perry,F,Da.Perry@hotmail.com,Ramat Gan
26,Estelle,Doherty,F,Estelle.Do@hotmail.com,Herzelia
29,Madison,Sanchez,F,Madison.Sanchez@hotmail.com,Ramat Hasharon
6,Fallon,Case,M,Fa.Case@walla.co.il,Ramat Hasharon
103,Gregor,Bishop,M,Gr.Bishop@hotmail.com,Givatayim
149,Zoey,Hendricks,F,Zoey.He@hotmail.com,Herzelia
172,Frances,Major,M,Fr.Major@gmail.com,Givatayim
109,Simon,Mccormick,M,Si.Mc@walla.co.il,Herzelia
83,Tony,Francis,M,To.Francis@gmail.com,Givatayim
112,Faith,Owen,F,Fa.Ow@yahoo.com,Ramat Hasharon
93,Alexandru,Holmes,M,Al.Ho@hotmail.com,Givatayim
87,Mason,Booth,M,Ma.Bo@yahoo.com,Ramat Gan
105,Bonita,Benton,F,Bo.Benton@hotmail.com,Tel Aviv
25,Safwan,Flowers,M,Sa.Flowers@hotmail.com,Tel Aviv
1,Ollie,Kinney,M,Ol.Kinney@walla.co.il,Herzelia
81,Daniel,Calderon,M,Daniel.Ca@walla.co.il,Givatayim
158,Kristi,Faulkner,M,Kr.Fa@walla.co.il,Givatayim
64,Jody,Horn,F,Jo.Ho@walla.co.il,Ramat Gan
131,Jun,Barnard,M,Ju.Ba@hotmail.com,Ramat Hasharon
35,Ines,Lott,M,Ines.Lo@hotmail.com,Givatayim
106,Simeon,Guevara,M,Simeon.Gu@walla.co.il,Ramat Hasharon
135,Cynthia,Frye,F,Cy.Fr@walla.co.il,Ramat Gan
181,Armaan,Weston,M,Ar.Weston@hotmail.com,Tel Aviv
8,Jadine,Holt,F,Ja.Holt@yahoo.com,Givatayim
79,Danny,Ortiz,M,Danny.Or@hotmail.com,Ramat Hasharon
102,Wren,Arnold,F,Wren.Arnold@yahoo.com,Ramat Hasharon
159,Kaden,Oneal,M,Ka.Oneal@walla.co.il,Ramat Hasharon
65,Carmen,Calvert,F,Carmen.Ca@hotmail.com,Tel Aviv
110,Danyl,Martins,M,Da.Martins@yahoo.com,Givatayim
114,Matthias,Norton,M,Matthias.No@yahoo.com,Givatayim
98,Amina,Hogan,F,Am.Ho@yahoo.com,Givatayim
44,Evie,Berg,F,Ev.Be@gmail.com,Herzelia
41,Hadi,Gardiner,M,Hadi.Ga@hotmail.com,Herzelia
66,Kamron,Goodwin,M,Ka.Goodwin@hotmail.com,Ramat Hasharon
60,Bryson,Lynch,M,Bryson.Ly@hotmail.com,Tel Aviv
39,Alyx,Conway,M,Alyx.Conway@walla.co.il,Tel Aviv
32,Fox,Hunt,M,Fox.Hu@walla.co.il,Herzelia
165,Frankie,Huff,F,Frankie.Huff@walla.co.il,Ramat Hasharon
70,Ari,Barr,M,Ar.Barr@yahoo.com,Ramat Hasharon
121,Princess,Timms,F,Pr.Ti@gmail.com,Tel Aviv
101,Yaqub,Reese,M,Ya.Reese@gmail.com,Tel Aviv
180,Bilaal,Berry,M,Bilaal.Berry@yahoo.com,Ramat Gan
155,Axl,Bull,M,Axl.Bull@walla.co.il,Ramat Hasharon
148,Nora,Xiong,M,Nora.Xiong@walla.co.il,Herzelia
116,Tess,Dorsey,F,Tess.Dorsey@yahoo.com,Ramat Hasharon
13,Jed,Fuentes,M,Je.Fu@hotmail.com,Givatayim
123,Romy,Neal,F,Romy.Neal@walla.co.il,Tel Aviv
20,Adelina,Ashley,F,Ad.As@hotmail.com,Herzelia
194,Shannon,Harwood,F,Shannon.Ha@walla.co.il,Givatayim
184,Farah,Sutton,F,Farah.Sutton@yahoo.com,Tel Aviv
151,Arisha,Irving,F,Ar.Irving@walla.co.il,Ramat Hasharon
168,Manveer,Knight,F,Manveer.Kn@hotmail.com,Herzelia
52,Franklyn,Findlay,M,Franklyn.Findlay@yahoo.com,Tel Aviv
92,Sofia,Calhoun,F,So.Calhoun@walla.co.il,Ramat Gan
40,Mairead,Acevedo,F,Ma.Acevedo@walla.co.il,Herzelia
61,Kiki,Schneider,F,Kiki.Sc@hotmail.com,Herzelia
166,Luka,Holder,F,Luka.Ho@yahoo.com,Givatayim
134,Brandi,Travis,F,Brandi.Travis@hotmail.com,Tel Aviv
23,Isla-Rose,Heaton,F,Isla-Rose.He@gmail.com,Ramat Hasharon
186,Ariya,Armstrong,F,Ariya.Armstrong@gmail.com,Givatayim
152,Keir,Broughton,F,Ke.Broughton@hotmail.com,Givatayim
36,Sarah,Crossley,F,Sarah.Cr@hotmail.com,Tel Aviv
171,Hanna,Shelton,F,Hanna.Shelton@walla.co.il,Givatayim
56,Kyra,Mccann,F,Ky.Mc@walla.co.il,Tel Aviv
90,Joss,Brandt,F,Joss.Brandt@walla.co.il,Tel Aviv
34,Leoni,Lindsay,F,Leoni.Lindsay@yahoo.com,Ramat Gan
46,Mariyah,Green,F,Ma.Green@walla.co.il,Herzelia
173,Renzo,Henderson,M,Re.Henderson@walla.co.il,Ramat Gan
57,Kya,Melton,M,Kya.Me@gmail.com,Herzelia
15,Krystal,Bridges,F,Krystal.Bridges@hotmail.com,Herzelia
190,Kristina,Hutchinson,F,Kr.Hutchinson@yahoo.com,Ramat Gan
146,Tiya,Warren,F,Tiya.Warren@gmail.com,Tel Aviv
11,Louisa,Grant,F,Lo.Gr@gmail.com,Ramat Gan
185,Subhaan,Washington,M,Su.Wa@hotmail.com,Givatayim
145,Taran,Samuels,F,Ta.Samuels@hotmail.com,Herzelia
62,Janine,Coulson,F,Ja.Coulson@gmail.com,Herzelia
86,Keir,Ewing,M,Keir.Ewing@walla.co.il,Ramat Hasharon
169,Emaan,Greenaway,M,Emaan.Greenaway@gmail.com,Herzelia
47,Joyce,Newton,F,Joyce.Ne@gmail.com,Herzelia
126,Macey,Almond,M,Macey.Almond@yahoo.com,Tel Aviv
68,Aydin,Hirst,M,Aydin.Hirst@hotmail.com,Tel Aviv
53,Lilly-Ann,Frey,F,Li.Fr@hotmail.com,Tel Aviv
115,Rami,Sexton,M,Rami.Sexton@hotmail.com,Ramat Gan
193,Mira,Kent,M,Mi.Kent@walla.co.il,Tel Aviv
192,Amrit,Haworth,M,Am.Ha@hotmail.com,Givatayim
19,Nico,Hastings,M,Ni.Hastings@walla.co.il,Givatayim
176,Amman,Zavala,F,Am.Zavala@gmail.com,Givatayim
130,Haleemah,Davidson,F,Haleemah.Da@yahoo.com,Tel Aviv
84,Simone,Morse,F,Si.Mo@hotmail.com,Givatayim
195,Samuel,Huerta,M,Sa.Huerta@gmail.com,Ramat Gan
191,Kara,Thompson,F,Kara.Thompson@gmail.com,Ramat Gan
77,Claude,Patel,M,Cl.Pa@yahoo.com,Tel Aviv
133,Liyana,Stanton,F,Li.Stanton@hotmail.com,Ramat Gan
67,Campbell,Alvarez,M,Campbell.Alvarez@hotmail.com,Givatayim
2,Landon,Bishop,F,La.Bi@gmail.com,Herzelia
69,Griff,Blackwell,M,Griff.Blackwell@walla.co.il,Ramat Hasharon
82,Misha,Ashley,M,Mi.As@hotmail.com,Ramat Hasharon
177,Sydney,Wells,F,Sy.Wells@yahoo.com,Tel Aviv
174,Freyja,Molina,F,Fr.Mo@hotmail.com,Tel Aviv
7,Asia,Tang,F,Asia.Ta@hotmail.com,Herzelia
58,Colleen,Steele,F,Co.St@hotmail.com,Tel Aviv
132,Yousuf,Banks,M,Yousuf.Ba@hotmail.com,Ramat Gan
162,Christos,Rodriquez,M,Ch.Ro@yahoo.com,Ramat Hasharon
128,Parker,Drake,M,Parker.Dr@walla.co.il,Ramat Hasharon
59,Jaydon,Trujillo,M,Jaydon.Tr@walla.co.il,Tel Aviv
22,Mikaela,Croft,F,Mi.Croft@gmail.com,Givatayim
198,Drew,Begum,M,Drew.Begum@gmail.com,Ramat Hasharon
196,Juan,Barlow,M,Juan.Ba@yahoo.com,Herzelia
140,Florrie,Wilson,F,Fl.Wilson@walla.co.il,Tel Aviv
150,Lilly-Mae,Greer,F,Li.Gr@hotmail.com,Ramat Hasharon
161,Callen,Dodd,M,Ca.Dodd@hotmail.com,Ramat Hasharon
37,Robert,Mckee,M,Robert.Mckee@gmail.com,Herzelia
18,Rohan,Farrell,F,Ro.Fa@yahoo.com,Ramat Hasharon
78,Whitney,Farrington,M,Whitney.Farrington@yahoo.com,Ramat Hasharon
100,Patryk,Burgess,M,Patryk.Burgess@yahoo.com,Herzelia
117,Lillie,Barnard,F,Li.Barnard@hotmail.com,Herzelia
27,Seth,Calvert,M,Se.Ca@walla.co.il,Ramat Hasharon
199,Nial,Meadows,M,Nial.Me@yahoo.com,Givatayim
143,Aman,Driscoll,M,Am.Dr@hotmail.com,Herzelia
51,Essa,Hope,M,Essa.Ho@walla.co.il,Herzelia
142,Atlanta,Cunningham,F,At.Cunningham@hotmail.com,Herzelia
113,Macie,Lara,F,Ma.La@gmail.com,Ramat Hasharon
96,Presley,Yu,F,Pr.Yu@walla.co.il,Ramat Hasharon
147,Ahsan,Oneil,M,Ah.On@walla.co.il,Herzelia
153,Kaiya,Robin,M,Ka.Robin@walla.co.il,Givatayim
48,Kaison,Harvey,M,Kaison.Harvey@yahoo.com,Ramat Gan
160,Yu,Hudson,F,Yu.Hu@yahoo.com,Tel Aviv
50,Jayda,Lord,F,Jayda.Lord@walla.co.il,Tel Aviv
76,Christina,Blankenship,F,Christina.Bl@walla.co.il,Herzelia
73,Sohaib,Walls,M,Sohaib.Walls@gmail.com,Givatayim
88,Anayah,Lee,F,Anayah.Lee@hotmail.com,Herzelia
144,Willie,Cairns,M,Willie.Ca@hotmail.com,Herzelia
167,Milan,Brookes,F,Mi.Br@gmail.com,Givatayim
97,Gabriel,Bannister,M,Ga.Bannister@gmail.com,Tel Aviv
104,Blake,Dyer,F,Blake.Dy@gmail.com,Ramat Hasharon
71,Cecil,Hatfield,M,Ce.Ha@hotmail.com,Ramat Hasharon
21,Marlon,Day,M,Marlon.Day@gmail.com,Tel Aviv
31,Kaisha,Watkins,F,Kaisha.Watkins@walla.co.il,Ramat Gan
14,Clarke,Ponce,M,Clarke.Ponce@walla.co.il,Ramat Gan
12,Glyn,Cooper,M,Gl.Co@hotmail.com,Ramat Hasharon
187,Niyah,Whelan,M,Niyah.Whelan@yahoo.com,Ramat Hasharon
94,Sayed,Irvine,M,Sayed.Ir@yahoo.com,Herzelia
138,Jiya,Raymond,F,Ji.Ra@hotmail.com,Givatayim
183,Elijah,Beech,M,Elijah.Be@hotmail.com,Tel Aviv
89,Jerry,Smith,F,Jerry.Sm@gmail.com,Givatayim
3,Jia,Delarosa,M,Jia.De@gmail.com,Herzelia
122,Ellena,Castro,F,El.Ca@yahoo.com,Herzelia
141,Chanel,Paine,F,Chanel.Paine@gmail.com,Ramat Gan
108,Alexa,Stokes,F,Al.Stokes@yahoo.com,Tel Aviv
43,Simrah,Greig,F,Si.Greig@yahoo.com,Herzelia
42,Aahil,Redman,M,Aahil.Re@hotmail.com,Ramat Hasharon
200,Diya,Myers,F,Diya.My@walla.co.il,Givatayim
139,Octavia,Hooper,F,Oc.Hooper@gmail.com,Ramat Gan
127,Tylor,Cochran,M,Ty.Cochran@gmail.com,Ramat Gan
38,Nathalie,Marshall,F,Na.Marshall@yahoo.com,Givatayim
107,Anton,Ray,M,Anton.Ray@yahoo.com,Givatayim
17,Ellis,Coates,F,El.Co@gmail.com,Ramat Hasharon
4,Valentina,Ratcliffe,F,Va.Ratcliffe@gmail.com,Herzelia
16,Sonia,Rosales,F,So.Ro@yahoo.com,Givatayim
95,Briony,Plummer,F,Br.Pl@yahoo.com,Herzelia
55,Yasir,Noel,M,Ya.Noel@walla.co.il,Givatayim
120,Bridget,Colley,F,Bridget.Co@gmail.com,Givatayim
179,Israel,Dunlap,M,Is.Du@walla.co.il,Ramat Gan
99,Osian,England,M,Os.England@hotmail.com,Herzelia
54,Cavan,Bates,M,Ca.Ba@walla.co.il,Ramat Hasharon
75,Bridie,Morales,F,Bridie.Morales@yahoo.com,Ramat Gan
125,Maheen,Marin,M,Maheen.Ma@hotmail.com,Herzelia
10,Mahad,Ware,M,Ma.Ware@walla.co.il,Givatayim
124,Imogen,Lynch,F,Im.Ly@hotmail.com,Ramat Hasharon
163,Aman,Mccoy,F,Aman.Mc@hotmail.com,Herzelia
189,Nelson,Esparza,M,Nelson.Esparza@yahoo.com,Herzelia
136,Shanay,Reyna,M,Sh.Reyna@yahoo.com,Givatayim
72,Nichole,Edge,F,Nichole.Edge@gmail.com,Givatayim
45,Jaime,Britton,M,Jaime.Britton@walla.co.il,Tel Aviv
49,Blane,Compton,M,Bl.Co@gmail.com,Ramat Hasharon
137,Terrence,Payne,M,Te.Pa@hotmail.com,Tel Aviv
175,Sadie,Waller,F,Sadie.Wa@gmail.com,Ramat Gan
157,Lynn,Mackie,F,Lynn.Ma@yahoo.com,Herzelia
154,Daanyal,Holding,M,Da.Ho@walla.co.il,Ramat Hasharon
24,Amy-Louise,Mayo,F,Am.Mayo@gmail.com,Herzelia
63,Lorena,Dunkley,M,Lo.Dunkley@walla.co.il,Givatayim
178,Jill,Frame,M,Jill.Fr@gmail.com,Tel Aviv
5,Stacie,Patel,F,St.Patel@hotmail.com,Ramat Hasharon
85,Milly,Cash,F,Mi.Cash@gmail.com,Ramat Gan
33,Elspeth,Zuniga,F,El.Zu@gmail.com,Ramat Hasharon
9,Maison,Watt,M,Maison.Watt@gmail.com,Ramat Gan
28,Cassidy,Villa,F,Cassidy.Villa@walla.co.il,Tel Aviv
170,Acacia,Slater,F,Ac.Slater@walla.co.il,Tel Aviv
91,Leo,Walton,M,Leo.Walton@hotmail.com,Givatayim
164,Danyal,Brennan,M,Da.Brennan@gmail.com,Ramat Hasharon
118,Amar,Hewitt,M,Amar.He@gmail.com,Herzelia
156,Amara,Shelton,M,Am.Sh@yahoo.com,Givatayim
129,Bobbie,Cochran,F,Bo.Cochran@gmail.com,Herzelia
119,Steffan,Mata,M,St.Ma@walla.co.il,Ramat Gan
30,Anisah,Downs,F,An.Do@yahoo.com,Ramat Hasharon
74,Lani,O'Reilly,M,Lani.O@walla.co.il,Herzelia
197,Natalia,Daniel,F,Natalia.Da@gmail.com,Herzelia
111,Barbara,Hayward,F,Barbara.Ha@hotmail.com,Ramat Gan
80,Sioned,Russell,F,Sioned.Russell@walla.co.il,Ramat Hasharon
182,Micah,Tucker,M,Mi.Tu@yahoo.com,Ramat Gan
188,Darlene,Perry,F,Da.Perry@hotmail.com,Ramat Gan
29,Madison,Sanchez,F,Madison.Sanchez@hotmail.com,Ramat Hasharon
26,Estelle,Doherty,F,Estelle.Do@hotmail.com,Herzelia
6,Fallon,Case,M,Fa.Case@walla.co.il,Ramat Hasharon
103,Gregor,Bishop,M,Gr.Bishop@hotmail.com,Givatayim
149,Zoey,Hendricks,F,Zoey.He@hotmail.com,Herzelia
172,Frances,Major,M,Fr.Major@gmail.com,Givatayim
109,Simon,Mccormick,M,Si.Mc@walla.co.il,Herzelia
83,Tony,Francis,M,To.Francis@gmail.com,Givatayim
112,Faith,Owen,F,Fa.Ow@yahoo.com,Ramat Hasharon
93,Alexandru,Holmes,M,Al.Ho@hotmail.com,Givatayim
87,Mason,Booth,M,Ma.Bo@yahoo.com,Ramat Gan
105,Bonita,Benton,F,Bo.Benton@hotmail.com,Tel Aviv
25,Safwan,Flowers,M,Sa.Flowers@hotmail.com,Tel Aviv
1,Ollie,Kinney,M,Ol.Kinney@walla.co.il,Herzelia
81,Daniel,Calderon,M,Daniel.Ca@walla.co.il,Givatayim
158,Kristi,Faulkner,M,Kr.Fa@walla.co.il,Givatayim
64,Jody,Horn,F,Jo.Ho@walla.co.il,Ramat Gan
131,Jun,Barnard,M,Ju.Ba@hotmail.com,Ramat Hasharon
35,Ines,Lott,M,Ines.Lo@hotmail.com,Givatayim
106,Simeon,Guevara,M,Simeon.Gu@walla.co.il,Ramat Hasharon
135,Cynthia,Frye,F,Cy.Fr@walla.co.il,Ramat Gan
8,Jadine,Holt,F,Ja.Holt@yahoo.com,Givatayim
181,Armaan,Weston,M,Ar.Weston@hotmail.com,Tel Aviv
79,Danny,Ortiz,M,Danny.Or@hotmail.com,Ramat Hasharon
102,Wren,Arnold,F,Wren.Arnold@yahoo.com,Ramat Hasharon
159,Kaden,Oneal,M,Ka.Oneal@walla.co.il,Ramat Hasharon
65,Carmen,Calvert,F,Carmen.Ca@hotmail.com,Tel Aviv
110,Danyl,Martins,M,Da.Martins@yahoo.com,Givatayim
114,Matthias,Norton,M,Matthias.No@yahoo.com,Givatayim
98,Amina,Hogan,F,Am.Ho@yahoo.com,Givatayim
44,Evie,Berg,F,Ev.Be@gmail.com,Herzelia
41,Hadi,Gardiner,M,Hadi.Ga@hotmail.com,Herzelia
66,Kamron,Goodwin,M,Ka.Goodwin@hotmail.com,Ramat Hasharon
60,Bryson,Lynch,M,Bryson.Ly@hotmail.com,Tel Aviv
39,Alyx,Conway,M,Alyx.Conway@walla.co.il,Tel Aviv
32,Fox,Hunt,M,Fox.Hu@walla.co.il,Herzelia
165,Frankie,Huff,F,Frankie.Huff@walla.co.il,Ramat Hasharon
70,Ari,Barr,M,Ar.Barr@yahoo.com,Ramat Hasharon
121,Princess,Timms,F,Pr.Ti@gmail.com,Tel Aviv
101,Yaqub,Reese,M,Ya.Reese@gmail.com,Tel Aviv
180,Bilaal,Berry,M,Bilaal.Berry@yahoo.com,Ramat Gan
148,Nora,Xiong,M,Nora.Xiong@walla.co.il,Herzelia
155,Axl,Bull,M,Axl.Bull@walla.co.il,Ramat Hasharon
116,Tess,Dorsey,F,Tess.Dorsey@yahoo.com,Ramat Hasharon
13,Jed,Fuentes,M,Je.Fu@hotmail.com,Givatayim
123,Romy,Neal,F,Romy.Neal@walla.co.il,Tel Aviv
20,Adelina,Ashley,F,Ad.As@hotmail.com,Herzelia
194,Shannon,Harwood,F,Shannon.Ha@walla.co.il,Givatayim
184,Farah,Sutton,F,Farah.Sutton@yahoo.com,Tel Aviv
151,Arisha,Irving,F,Ar.Irving@walla.co.il,Ramat Hasharon
168,Manveer,Knight,F,Manveer.Kn@hotmail.com,Herzelia
52,Franklyn,Findlay,M,Franklyn.Findlay@yahoo.com,Tel Aviv
92,Sofia,Calhoun,F,So.Calhoun@walla.co.il,Ramat Gan
40,Mairead,Acevedo,F,Ma.Acevedo@walla.co.il,Herzelia
61,Kiki,Schneider,F,Kiki.Sc@hotmail.com,Herzelia
166,Luka,Holder,F,Luka.Ho@yahoo.com,Givatayim
134,Brandi,Travis,F,Brandi.Travis@hotmail.com,Tel Aviv
23,Isla-Rose,Heaton,F,Isla-Rose.He@gmail.com,Ramat Hasharon
152,Keir,Broughton,F,Ke.Broughton@hotmail.com,Givatayim
186,Ariya,Armstrong,F,Ariya.Armstrong@gmail.com,Givatayim
36,Sarah,Crossley,F,Sarah.Cr@hotmail.com,Tel Aviv
171,Hanna,Shelton,F,Hanna.Shelton@walla.co.il,Givatayim
56,Kyra,Mccann,F,Ky.Mc@walla.co.il,Tel Aviv
90,Joss,Brandt,F,Joss.Brandt@walla.co.il,Tel Aviv
34,Leoni,Lindsay,F,Leoni.Lindsay@yahoo.com,Ramat Gan
46,Mariyah,Green,F,Ma.Green@walla.co.il,Herzelia
173,Renzo,Henderson,M,Re.Henderson@walla.co.il,Ramat Gan
57,Kya,Melton,M,Kya.Me@gmail.com,Herzelia
15,Krystal,Bridges,F,Krystal.Bridges@hotmail.com,Herzelia
190,Kristina,Hutchinson,F,Kr.Hutchinson@yahoo.com,Ramat Gan
146,Tiya,Warren,F,Tiya.Warren@gmail.com,Tel Aviv
11,Louisa,Grant,F,Lo.Gr@gmail.com,Ramat Gan
185,Subhaan,Washington,M,Su.Wa@hotmail.com,Givatayim
145,Taran,Samuels,F,Ta.Samuels@hotmail.com,Herzelia
62,Janine,Coulson,F,Ja.Coulson@gmail.com,Herzelia
169,Emaan,Greenaway,M,Emaan.Greenaway@gmail.com,Herzelia
86,Keir,Ewing,M,Keir.Ewing@walla.co.il,Ramat Hasharon
47,Joyce,Newton,F,Joyce.Ne@gmail.com,Herzelia
126,Macey,Almond,M,Macey.Almond@yahoo.com,Tel Aviv
68,Aydin,Hirst,M,Aydin.Hirst@hotmail.com,Tel Aviv
193,Mira,Kent,M,Mi.Kent@walla.co.il,Tel Aviv
53,Lilly-Ann,Frey,F,Li.Fr@hotmail.com,Tel Aviv
115,Rami,Sexton,M,Rami.Sexton@hotmail.com,Ramat Gan
192,Amrit,Haworth,M,Am.Ha@hotmail.com,Givatayim
19,Nico,Hastings,M,Ni.Hastings@walla.co.il,Givatayim
176,Amman,Zavala,F,Am.Zavala@gmail.com,Givatayim
130,Haleemah,Davidson,F,Haleemah.Da@yahoo.com,Tel Aviv
195,Samuel,Huerta,M,Sa.Huerta@gmail.com,Ramat Gan
84,Simone,Morse,F,Si.Mo@hotmail.com,Givatayim
191,Kara,Thompson,F,Kara.Thompson@gmail.com,Ramat Gan
77,Claude,Patel,M,Cl.Pa@yahoo.com,Tel Aviv
133,Liyana,Stanton,F,Li.Stanton@hotmail.com,Ramat Gan
67,Campbell,Alvarez,M,Campbell.Alvarez@hotmail.com,Givatayim
2,Landon,Bishop,F,La.Bi@gmail.com,Herzelia
69,Griff,Blackwell,M,Griff.Blackwell@walla.co.il,Ramat Hasharon
82,Misha,Ashley,M,Mi.As@hotmail.com,Ramat Hasharon
174,Freyja,Molina,F,Fr.Mo@hotmail.com,Tel Aviv
177,Sydney,Wells,F,Sy.Wells@yahoo.com,Tel Aviv
7,Asia,Tang,F,Asia.Ta@hotmail.com,Herzelia
58,Colleen,Steele,F,Co.St@hotmail.com,Tel Aviv
132,Yousuf,Banks,M,Yousuf.Ba@hotmail.com,Ramat Gan
162,Christos,Rodriquez,M,Ch.Ro@yahoo.com,Ramat Hasharon
128,Parker,Drake,M,Parker.Dr@walla.co.il,Ramat Hasharon
59,Jaydon,Trujillo,M,Jaydon.Tr@walla.co.il,Tel Aviv
22,Mikaela,Croft,F,Mi.Croft@gmail.com,Givatayim
198,Drew,Begum,M,Drew.Begum@gmail.com,Ramat Hasharon
196,Juan,Barlow,M,Juan.Ba@yahoo.com,Herzelia
140,Florrie,Wilson,F,Fl.Wilson@walla.co.il,Tel Aviv
150,Lilly-Mae,Greer,F,Li.Gr@hotmail.com,Ramat Hasharon
37,Robert,Mckee,M,Robert.Mckee@gmail.com,Herzelia
161,Callen,Dodd,M,Ca.Dodd@hotmail.com,Ramat Hasharon
18,Rohan,Farrell,F,Ro.Fa@yahoo.com,Ramat Hasharon
78,Whitney,Farrington,M,Whitney.Farrington@yahoo.com,Ramat Hasharon
100,Patryk,Burgess,M,Patryk.Burgess@yahoo.com,Herzelia
117,Lillie,Barnard,F,Li.Barnard@hotmail.com,Herzelia
27,Seth,Calvert,M,Se.Ca@walla.co.il,Ramat Hasharon
199,Nial,Meadows,M,Nial.Me@yahoo.com,Givatayim
143,Aman,Driscoll,M,Am.Dr@hotmail.com,Herzelia
51,Essa,Hope,M,Essa.Ho@walla.co.il,Herzelia
142,Atlanta,Cunningham,F,At.Cunningham@hotmail.com,Herzelia
113,Macie,Lara,F,Ma.La@gmail.com,Ramat Hasharon
96,Presley,Yu,F,Pr.Yu@walla.co.il,Ramat Hasharon
147,Ahsan,Oneil,M,Ah.On@walla.co.il,Herzelia
153,Kaiya,Robin,M,Ka.Robin@walla.co.il,Givatayim
48,Kaison,Harvey,M,Kaison.Harvey@yahoo.com,Ramat Gan
160,Yu,Hudson,F,Yu.Hu@yahoo.com,Tel Aviv
50,Jayda,Lord,F,Jayda.Lord@walla.co.il,Tel Aviv
73,Sohaib,Walls,M,Sohaib.Walls@gmail.com,Givatayim
76,Christina,Blankenship,F,Christina.Bl@walla.co.il,Herzelia
88,Anayah,Lee,F,Anayah.Lee@hotmail.com,Herzelia
144,Willie,Cairns,M,Willie.Ca@hotmail.com,Herzelia
167,Milan,Brookes,F,Mi.Br@gmail.com,Givatayim
97,Gabriel,Bannister,M,Ga.Bannister@gmail.com,Tel Aviv
104,Blake,Dyer,F,Blake.Dy@gmail.com,Ramat Hasharon
71,Cecil,Hatfield,M,Ce.Ha@hotmail.com,Ramat Hasharon
21,Marlon,Day,M,Marlon.Day@gmail.com,Tel Aviv
31,Kaisha,Watkins,F,Kaisha.Watkins@walla.co.il,Ramat Gan
14,Clarke,Ponce,M,Clarke.Ponce@walla.co.il,Ramat Gan
12,Glyn,Cooper,M,Gl.Co@hotmail.com,Ramat Hasharon
187,Niyah,Whelan,M,Niyah.Whelan@yahoo.com,Ramat Hasharon
94,Sayed,Irvine,M,Sayed.Ir@yahoo.com,Herzelia
138,Jiya,Raymond,F,Ji.Ra@hotmail.com,Givatayim
183,Elijah,Beech,M,Elijah.Be@hotmail.com,Tel Aviv
89,Jerry,Smith,F,Jerry.Sm@gmail.com,Givatayim
3,Jia,Delarosa,M,Jia.De@gmail.com,Herzelia
122,Ellena,Castro,F,El.Ca@yahoo.com,Herzelia
108,Alexa,Stokes,F,Al.Stokes@yahoo.com,Tel Aviv
141,Chanel,Paine,F,Chanel.Paine@gmail.com,Ramat Gan
43,Simrah,Greig,F,Si.Greig@yahoo.com,Herzelia
42,Aahil,Redman,M,Aahil.Re@hotmail.com,Ramat Hasharon
200,Diya,Myers,F,Diya.My@walla.co.il,Givatayim
139,Octavia,Hooper,F,Oc.Hooper@gmail.com,Ramat Gan
127,Tylor,Cochran,M,Ty.Cochran@gmail.com,Ramat Gan
38,Nathalie,Marshall,F,Na.Marshall@yahoo.com,Givatayim
17,Ellis,Coates,F,El.Co@gmail.com,Ramat Hasharon
107,Anton,Ray,M,Anton.Ray@yahoo.com,Givatayim
4,Valentina,Ratcliffe,F,Va.Ratcliffe@gmail.com,Herzelia
16,Sonia,Rosales,F,So.Ro@yahoo.com,Givatayim
95,Briony,Plummer,F,Br.Pl@yahoo.com,Herzelia
55,Yasir,Noel,M,Ya.Noel@walla.co.il,Givatayim
120,Bridget,Colley,F,Bridget.Co@gmail.com,Givatayim
179,Israel,Dunlap,M,Is.Du@walla.co.il,Ramat Gan
99,Osian,England,M,Os.England@hotmail.com,Herzelia
54,Cavan,Bates,M,Ca.Ba@walla.co.il,Ramat Hasharon
75,Bridie,Morales,F,Bridie.Morales@yahoo.com,Ramat Gan
125,Maheen,Marin,M,Maheen.Ma@hotmail.com,Herzelia
10,Mahad,Ware,M,Ma.Ware@walla.co.il,Givatayim
124,Imogen,Lynch,F,Im.Ly@hotmail.com,Ramat Hasharon
163,Aman,Mccoy,F,Aman.Mc@hotmail.com,Herzelia
189,Nelson,Esparza,M,Nelson.Esparza@yahoo.com,Herzelia
136,Shanay,Reyna,M,Sh.Reyna@yahoo.com,Givatayim
72,Nichole,Edge,F,Nichole.Edge@gmail.com,Givatayim
45,Jaime,Britton,M,Jaime.Britton@walla.co.il,Tel Aviv
49,Blane,Compton,M,Bl.Co@gmail.com,Ramat Hasharon
137,Terrence,Payne,M,Te.Pa@hotmail.com,Tel Aviv
175,Sadie,Waller,F,Sadie.Wa@gmail.com,Ramat Gan
154,Daanyal,Holding,M,Da.Ho@walla.co.il,Ramat Hasharon
24,Amy-Louise,Mayo,F,Am.Mayo@gmail.com,Herzelia
157,Lynn,Mackie,F,Lynn.Ma@yahoo.com,Herzelia
178,Jill,Frame,M,Jill.Fr@gmail.com,Tel Aviv
63,Lorena,Dunkley,M,Lo.Dunkley@walla.co.il,Givatayim
5,Stacie,Patel,F,St.Patel@hotmail.com,Ramat Hasharon
33,Elspeth,Zuniga,F,El.Zu@gmail.com,Ramat Hasharon
85,Milly,Cash,F,Mi.Cash@gmail.com,Ramat Gan
9,Maison,Watt,M,Maison.Watt@gmail.com,Ramat Gan
28,Cassidy,Villa,F,Cassidy.Villa@walla.co.il,Tel Aviv
170,Acacia,Slater,F,Ac.Slater@walla.co.il,Tel Aviv
91,Leo,Walton,M,Leo.Walton@hotmail.com,Givatayim
118,Amar,Hewitt,M,Amar.He@gmail.com,Herzelia
164,Danyal,Brennan,M,Da.Brennan@gmail.com,Ramat Hasharon
156,Amara,Shelton,M,Am.Sh@yahoo.com,Givatayim
129,Bobbie,Cochran,F,Bo.Cochran@gmail.com,Herzelia
119,Steffan,Mata,M,St.Ma@walla.co.il,Ramat Gan
30,Anisah,Downs,F,An.Do@yahoo.com,Ramat Hasharon
74,Lani,O'Reilly,M,Lani.O@walla.co.il,Herzelia
197,Natalia,Daniel,F,Natalia.Da@gmail.com,Herzelia
111,Barbara,Hayward,F,Barbara.Ha@hotmail.com,Ramat Gan
182,Micah,Tucker,M,Mi.Tu@yahoo.com,Ramat Gan
80,Sioned,Russell,F,Sioned.Russell@walla.co.il,Ramat Hasharon
188,Darlene,Perry,F,Da.Perry@hotmail.com,Ramat Gan
26,Estelle,Doherty,F,Estelle.Do@hotmail.com,Herzelia
29,Madison,Sanchez,F,Madison.Sanchez@hotmail.com,Ramat Hasharon
6,Fallon,Case,M,Fa.Case@walla.co.il,Ramat Hasharon
103,Gregor,Bishop,M,Gr.Bishop@hotmail.com,Givatayim
172,Frances,Major,M,Fr.Major@gmail.com,Givatayim
149,Zoey,Hendricks,F,Zoey.He@hotmail.com,Herzelia
109,Simon,Mccormick,M,Si.Mc@walla.co.il,Herzelia
83,Tony,Francis,M,To.Francis@gmail.com,Givatayim
112,Faith,Owen,F,Fa.Ow@yahoo.com,Ramat Hasharon
93,Alexandru,Holmes,M,Al.Ho@hotmail.com,Givatayim
87,Mason,Booth,M,Ma.Bo@yahoo.com,Ramat Gan
105,Bonita,Benton,F,Bo.Benton@hotmail.com,Tel Aviv
25,Safwan,Flowers,M,Sa.Flowers@hotmail.com,Tel Aviv
1,Ollie,Kinney,M,Ol.Kinney@walla.co.il,Herzelia
81,Daniel,Calderon,M,Daniel.Ca@walla.co.il,Givatayim
158,Kristi,Faulkner,M,Kr.Fa@walla.co.il,Givatayim
64,Jody,Horn,F,Jo.Ho@walla.co.il,Ramat Gan
35,Ines,Lott,M,Ines.Lo@hotmail.com,Givatayim
131,Jun,Barnard,M,Ju.Ba@hotmail.com,Ramat Hasharon
106,Simeon,Guevara,M,Simeon.Gu@walla.co.il,Ramat Hasharon
135,Cynthia,Frye,F,Cy.Fr@walla.co.il,Ramat Gan
8,Jadine,Holt,F,Ja.Holt@yahoo.com,Givatayim
181,Armaan,Weston,M,Ar.Weston@hotmail.com,Tel Aviv
79,Danny,Ortiz,M,Danny.Or@hotmail.com,Ramat Hasharon
102,Wren,Arnold,F,Wren.Arnold@yahoo.com,Ramat Hasharon
159,Kaden,Oneal,M,Ka.Oneal@walla.co.il,Ramat Hasharon
65,Carmen,Calvert,F,Carmen.Ca@hotmail.com,Tel Aviv
110,Danyl,Martins,M,Da.Martins@yahoo.com,Givatayim
114,Matthias,Norton,M,Matthias.No@yahoo.com,Givatayim
98,Amina,Hogan,F,Am.Ho@yahoo.com,Givatayim
44,Evie,Berg,F,Ev.Be@gmail.com,Herzelia
41,Hadi,Gardiner,M,Hadi.Ga@hotmail.com,Herzelia
66,Kamron,Goodwin,M,Ka.Goodwin@hotmail.com,Ramat Hasharon
60,Bryson,Lynch,M,Bryson.Ly@hotmail.com,Tel Aviv
39,Alyx,Conway,M,Alyx.Conway@walla.co.il,Tel Aviv
32,Fox,Hunt,M,Fox.Hu@walla.co.il,Herzelia
165,Frankie,Huff,F,Frankie.Huff@walla.co.il,Ramat Hasharon
70,Ari,Barr,M,Ar.Barr@yahoo.com,Ramat Hasharon
121,Princess,Timms,F,Pr.Ti@gmail.com,Tel Aviv
101,Yaqub,Reese,M,Ya.Reese@gmail.com,Tel Aviv
180,Bilaal,Berry,M,Bilaal.Berry@yahoo.com,Ramat Gan
148,Nora,Xiong,M,Nora.Xiong@walla.co.il,Herzelia
155,Axl,Bull,M,Axl.Bull@walla.co.il,Ramat Hasharon
116,Tess,Dorsey,F,Tess.Dorsey@yahoo.com,Ramat Hasharon
13,Jed,Fuentes,M,Je.Fu@hotmail.com,Givatayim
123,Romy,Neal,F,Romy.Neal@walla.co.il,Tel Aviv
20,Adelina,Ashley,F,Ad.As@hotmail.com,Herzelia
194,Shannon,Harwood,F,Shannon.Ha@walla.co.il,Givatayim
184,Farah,Sutton,F,Farah.Sutton@yahoo.com,Tel Aviv
151,Arisha,Irving,F,Ar.Irving@walla.co.il,Ramat Hasharon
168,Manveer,Knight,F,Manveer.Kn@hotmail.com,Herzelia
52,Franklyn,Findlay,M,Franklyn.Findlay@yahoo.com,Tel Aviv
92,Sofia,Calhoun,F,So.Calhoun@walla.co.il,Ramat Gan
40,Mairead,Acevedo,F,Ma.Acevedo@walla.co.il,Herzelia
61,Kiki,Schneider,F,Kiki.Sc@hotmail.com,Herzelia
166,Luka,Holder,F,Luka.Ho@yahoo.com,Givatayim
134,Brandi,Travis,F,Brandi.Travis@hotmail.com,Tel Aviv
23,Isla-Rose,Heaton,F,Isla-Rose.He@gmail.com,Ramat Hasharon
186,Ariya,Armstrong,F,Ariya.Armstrong@gmail.com,Givatayim
152,Keir,Broughton,F,Ke.Broughton@hotmail.com,Givatayim
36,Sarah,Crossley,F,Sarah.Cr@hotmail.com,Tel Aviv
171,Hanna,Shelton,F,Hanna.Shelton@walla.co.il,Givatayim
56,Kyra,Mccann,F,Ky.Mc@walla.co.il,Tel Aviv
90,Joss,Brandt,F,Joss.Brandt@walla.co.il,Tel Aviv
34,Leoni,Lindsay,F,Leoni.Lindsay@yahoo.com,Ramat Gan
46,Mariyah,Green,F,Ma.Green@walla.co.il,Herzelia
173,Renzo,Henderson,M,Re.Henderson@walla.co.il,Ramat Gan
15,Krystal,Bridges,F,Krystal.Bridges@hotmail.com,Herzelia
57,Kya,Melton,M,Kya.Me@gmail.com,Herzelia
190,Kristina,Hutchinson,F,Kr.Hutchinson@yahoo.com,Ramat Gan
146,Tiya,Warren,F,Tiya.Warren@gmail.com,Tel Aviv
11,Louisa,Grant,F,Lo.Gr@gmail.com,Ramat Gan
185,Subhaan,Washington,M,Su.Wa@hotmail.com,Givatayim
145,Taran,Samuels,F,Ta.Samuels@hotmail.com,Herzelia
62,Janine,Coulson,F,Ja.Coulson@gmail.com,Herzelia
86,Keir,Ewing,M,Keir.Ewing@walla.co.il,Ramat Hasharon
169,Emaan,Greenaway,M,Emaan.Greenaway@gmail.com,Herzelia
47,Joyce,Newton,F,Joyce.Ne@gmail.com,Herzelia
126,Macey,Almond,M,Macey.Almond@yahoo.com,Tel Aviv
68,Aydin,Hirst,M,Aydin.Hirst@hotmail.com,Tel Aviv
115,Rami,Sexton,M,Rami.Sexton@hotmail.com,Ramat Gan
53,Lilly-Ann,Frey,F,Li.Fr@hotmail.com,Tel Aviv
193,Mira,Kent,M,Mi.Kent@walla.co.il,Tel Aviv
192,Amrit,Haworth,M,Am.Ha@hotmail.com,Givatayim
19,Nico,Hastings,M,Ni.Hastings@walla.co.il,Givatayim
176,Amman,Zavala,F,Am.Zavala@gmail.com,Givatayim
130,Haleemah,Davidson,F,Haleemah.Da@yahoo.com,Tel Aviv
84,Simone,Morse,F,Si.Mo@hotmail.com,Givatayim
191,Kara,Thompson,F,Kara.Thompson@gmail.com,Ramat Gan
195,Samuel,Huerta,M,Sa.Huerta@gmail.com,Ramat Gan
77,Claude,Patel,M,Cl.Pa@yahoo.com,Tel Aviv
133,Liyana,Stanton,F,Li.Stanton@hotmail.com,Ramat Gan
67,Campbell,Alvarez,M,Campbell.Alvarez@hotmail.com,Givatayim
2,Landon,Bishop,F,La.Bi@gmail.com,Herzelia
82,Misha,Ashley,M,Mi.As@hotmail.com,Ramat Hasharon
69,Griff,Blackwell,M,Griff.Blackwell@walla.co.il,Ramat Hasharon
174,Freyja,Molina,F,Fr.Mo@hotmail.com,Tel Aviv
177,Sydney,Wells,F,Sy.Wells@yahoo.com,Tel Aviv
7,Asia,Tang,F,Asia.Ta@hotmail.com,Herzelia
58,Colleen,Steele,F,Co.St@hotmail.com,Tel Aviv
132,Yousuf,Banks,M,Yousuf.Ba@hotmail.com,Ramat Gan
162,Christos,Rodriquez,M,Ch.Ro@yahoo.com,Ramat Hasharon
128,Parker,Drake,M,Parker.Dr@walla.co.il,Ramat Hasharon
59,Jaydon,Trujillo,M,Jaydon.Tr@walla.co.il,Tel Aviv
22,Mikaela,Croft,F,Mi.Croft@gmail.com,Givatayim
198,Drew,Begum,M,Drew.Begum@gmail.com,Ramat Hasharon
196,Juan,Barlow,M,Juan.Ba@yahoo.com,Herzelia
140,Florrie,Wilson,F,Fl.Wilson@walla.co.il,Tel Aviv
150,Lilly-Mae,Greer,F,Li.Gr@hotmail.com,Ramat Hasharon
37,Robert,Mckee,M,Robert.Mckee@gmail.com,Herzelia
161,Callen,Dodd,M,Ca.Dodd@hotmail.com,Ramat Hasharon
18,Rohan,Farrell,F,Ro.Fa@yahoo.com,Ramat Hasharon
78,Whitney,Farrington,M,Whitney.Farrington@yahoo.com,Ramat Hasharon
100,Patryk,Burgess,M,Patryk.Burgess@yahoo.com,Herzelia
117,Lillie,Barnard,F,Li.Barnard@hotmail.com,Herzelia
27,Seth,Calvert,M,Se.Ca@walla.co.il,Ramat Hasharon
199,Nial,Meadows,M,Nial.Me@yahoo.com,Givatayim
143,Aman,Driscoll,M,Am.Dr@hotmail.com,Herzelia
51,Essa,Hope,M,Essa.Ho@walla.co.il,Herzelia
142,Atlanta,Cunningham,F,At.Cunningham@hotmail.com,Herzelia
113,Macie,Lara,F,Ma.La@gmail.com,Ramat Hasharon
96,Presley,Yu,F,Pr.Yu@walla.co.il,Ramat Hasharon
147,Ahsan,Oneil,M,Ah.On@walla.co.il,Herzelia
153,Kaiya,Robin,M,Ka.Robin@walla.co.il,Givatayim
48,Kaison,Harvey,M,Kaison.Harvey@yahoo.com,Ramat Gan
160,Yu,Hudson,F,Yu.Hu@yahoo.com,Tel Aviv
50,Jayda,Lord,F,Jayda.Lord@walla.co.il,Tel Aviv
73,Sohaib,Walls,M,Sohaib.Walls@gmail.com,Givatayim
76,Christina,Blankenship,F,Christina.Bl@walla.co.il,Herzelia
88,Anayah,Lee,F,Anayah.Lee@hotmail.com,Herzelia
144,Willie,Cairns,M,Willie.Ca@hotmail.com,Herzelia
167,Milan,Brookes,F,Mi.Br@gmail.com,Givatayim
97,Gabriel,Bannister,M,Ga.Bannister@gmail.com,Tel Aviv
104,Blake,Dyer,F,Blake.Dy@gmail.com,Ramat Hasharon
71,Cecil,Hatfield,M,Ce.Ha@hotmail.com,Ramat Hasharon
21,Marlon,Day,M,Marlon.Day@gmail.com,Tel Aviv
31,Kaisha,Watkins,F,Kaisha.Watkins@walla.co.il,Ramat Gan
14,Clarke,Ponce,M,Clarke.Ponce@walla.co.il,Ramat Gan
12,Glyn,Cooper,M,Gl.Co@hotmail.com,Ramat Hasharon
187,Niyah,Whelan,M,Niyah.Whelan@yahoo.com,Ramat Hasharon
94,Sayed,Irvine,M,Sayed.Ir@yahoo.com,Herzelia
138,Jiya,Raymond,F,Ji.Ra@hotmail.com,Givatayim
183,Elijah,Beech,M,Elijah.Be@hotmail.com,Tel Aviv
89,Jerry,Smith,F,Jerry.Sm@gmail.com,Givatayim
3,Jia,Delarosa,M,Jia.De@gmail.com,Herzelia
122,Ellena,Castro,F,El.Ca@yahoo.com,Herzelia
141,Chanel,Paine,F,Chanel.Paine@gmail.com,Ramat Gan
108,Alexa,Stokes,F,Al.Stokes@yahoo.com,Tel Aviv
43,Simrah,Greig,F,Si.Greig@yahoo.com,Herzelia
42,Aahil,Redman,M,Aahil.Re@hotmail.com,Ramat Hasharon
200,Diya,Myers,F,Diya.My@walla.co.il,Givatayim
127,Tylor,Cochran,M,Ty.Cochran@gmail.com,Ramat Gan
139,Octavia,Hooper,F,Oc.Hooper@gmail.com,Ramat Gan
38,Nathalie,Marshall,F,Na.Marshall@yahoo.com,Givatayim
107,Anton,Ray,M,Anton.Ray@yahoo.com,Givatayim
17,Ellis,Coates,F,El.Co@gmail.com,Ramat Hasharon
4,Valentina,Ratcliffe,F,Va.Ratcliffe@gmail.com,Herzelia
16,Sonia,Rosales,F,So.Ro@yahoo.com,Givatayim
95,Briony,Plummer,F,Br.Pl@yahoo.com,Herzelia
55,Yasir,Noel,M,Ya.Noel@walla.co.il,Givatayim
120,Bridget,Colley,F,Bridget.Co@gmail.com,Givatayim
179,Israel,Dunlap,M,Is.Du@walla.co.il,Ramat Gan
99,Osian,England,M,Os.England@hotmail.com,Herzelia
75,Bridie,Morales,F,Bridie.Morales@yahoo.com,Ramat Gan
54,Cavan,Bates,M,Ca.Ba@walla.co.il,Ramat Hasharon
125,Maheen,Marin,M,Maheen.Ma@hotmail.com,Herzelia
10,Mahad,Ware,M,Ma.Ware@walla.co.il,Givatayim
124,Imogen,Lynch,F,Im.Ly@hotmail.com,Ramat Hasharon
163,Aman,Mccoy,F,Aman.Mc@hotmail.com,Herzelia
189,Nelson,Esparza,M,Nelson.Esparza@yahoo.com,Herzelia
136,Shanay,Reyna,M,Sh.Reyna@yahoo.com,Givatayim
72,Nichole,Edge,F,Nichole.Edge@gmail.com,Givatayim
45,Jaime,Britton,M,Jaime.Britton@walla.co.il,Tel Aviv
49,Blane,Compton,M,Bl.Co@gmail.com,Ramat Hasharon
137,Terrence,Payne,M,Te.Pa@hotmail.com,Tel Aviv
175,Sadie,Waller,F,Sadie.Wa@gmail.com,Ramat Gan
157,Lynn,Mackie,F,Lynn.Ma@yahoo.com,Herzelia
24,Amy-Louise,Mayo,F,Am.Mayo@gmail.com,Herzelia
154,Daanyal,Holding,M,Da.Ho@walla.co.il,Ramat Hasharon
63,Lorena,Dunkley,M,Lo.Dunkley@walla.co.il,Givatayim
178,Jill,Frame,M,Jill.Fr@gmail.com,Tel Aviv
5,Stacie,Patel,F,St.Patel@hotmail.com,Ramat Hasharon
85,Milly,Cash,F,Mi.Cash@gmail.com,Ramat Gan
33,Elspeth,Zuniga,F,El.Zu@gmail.com,Ramat Hasharon
9,Maison,Watt,M,Maison.Watt@gmail.com,Ramat Gan
28,Cassidy,Villa,F,Cassidy.Villa@walla.co.il,Tel Aviv
170,Acacia,Slater,F,Ac.Slater@walla.co.il,Tel Aviv
91,Leo,Walton,M,Leo.Walton@hotmail.com,Givatayim
164,Danyal,Brennan,M,Da.Brennan@gmail.com,Ramat Hasharon
118,Amar,Hewitt,M,Amar.He@gmail.com,Herzelia
156,Amara,Shelton,M,Am.Sh@yahoo.com,Givatayim
129,Bobbie,Cochran,F,Bo.Cochran@gmail.com,Herzelia
119,Steffan,Mata,M,St.Ma@walla.co.il,Ramat Gan
30,Anisah,Downs,F,An.Do@yahoo.com,Ramat Hasharon
74,Lani,O'Reilly,M,Lani.O@walla.co.il,Herzelia
197,Natalia,Daniel,F,Natalia.Da@gmail.com,Herzelia
111,Barbara,Hayward,F,Barbara.Ha@hotmail.com,Ramat Gan
80,Sioned,Russell,F,Sioned.Russell@walla.co.il,Ramat Hasharon
182,Micah,Tucker,M,Mi.Tu@yahoo.com,Ramat Gan
188,Darlene,Perry,F,Da.Perry@hotmail.com,Ramat Gan
29,Madison,Sanchez,F,Madison.Sanchez@hotmail.com,Ramat Hasharon
26,Estelle,Doherty,F,Estelle.Do@hotmail.com,Herzelia
6,Fallon,Case,M,Fa.Case@walla.co.il,Ramat Hasharon
103,Gregor,Bishop,M,Gr.Bishop@hotmail.com,Givatayim
172,Frances,Major,M,Fr.Major@gmail.com,Givatayim
149,Zoey,Hendricks,F,Zoey.He@hotmail.com,Herzelia
109,Simon,Mccormick,M,Si.Mc@walla.co.il,Herzelia
83,Tony,Francis,M,To.Francis@gmail.com,Givatayim
112,Faith,Owen,F,Fa.Ow@yahoo.com,Ramat Hasharon
93,Alexandru,Holmes,M,Al.Ho@hotmail.com,Givatayim
87,Mason,Booth,M,Ma.Bo@yahoo.com,Ramat Gan
25,Safwan,Flowers,M,Sa.Flowers@hotmail.com,Tel Aviv
105,Bonita,Benton,F,Bo.Benton@hotmail.com,Tel Aviv
1,Ollie,Kinney,M,Ol.Kinney@walla.co.il,Herzelia
81,Daniel,Calderon,M,Daniel.Ca@walla.co.il,Givatayim
158,Kristi,Faulkner,M,Kr.Fa@walla.co.il,Givatayim
64,Jody,Horn,F,Jo.Ho@walla.co.il,Ramat Gan
35,Ines,Lott,M,Ines.Lo@hotmail.com,Givatayim
131,Jun,Barnard,M,Ju.Ba@hotmail.com,Ramat Hasharon
106,Simeon,Guevara,M,Simeon.Gu@walla.co.il,Ramat Hasharon
135,Cynthia,Frye,F,Cy.Fr@walla.co.il,Ramat Gan
181,Armaan,Weston,M,Ar.Weston@hotmail.com,Tel Aviv
8,Jadine,Holt,F,Ja.Holt@yahoo.com,Givatayim
79,Danny,Ortiz,M,Danny.Or@hotmail.com,Ramat Hasharon
102,Wren,Arnold,F,Wren.Arnold@yahoo.com,Ramat Hasharon
159,Kaden,Oneal,M,Ka.Oneal@walla.co.il,Ramat Hasharon
65,Carmen,Calvert,F,Carmen.Ca@hotmail.com,Tel Aviv
110,Danyl,Martins,M,Da.Martins@yahoo.com,Givatayim
114,Matthias,Norton,M,Matthias.No@yahoo.com,Givatayim
98,Amina,Hogan,F,Am.Ho@yahoo.com,Givatayim
44,Evie,Berg,F,Ev.Be@gmail.com,Herzelia
41,Hadi,Gardiner,M,Hadi.Ga@hotmail.com,Herzelia
66,Kamron,Goodwin,M,Ka.Goodwin@hotmail.com,Ramat Hasharon
60,Bryson,Lynch,M,Bryson.Ly@hotmail.com,Tel Aviv
39,Alyx,Conway,M,Alyx.Conway@walla.co.il,Tel Aviv
32,Fox,Hunt,M,Fox.Hu@walla.co.il,Herzelia
165,Frankie,Huff,F,Frankie.Huff@walla.co.il,Ramat Hasharon
70,Ari,Barr,M,Ar.Barr@yahoo.com,Ramat Hasharon
121,Princess,Timms,F,Pr.Ti@gmail.com,Tel Aviv
101,Yaqub,Reese,M,Ya.Reese@gmail.com,Tel Aviv
180,Bilaal,Berry,M,Bilaal.Berry@yahoo.com,Ramat Gan
148,Nora,Xiong,M,Nora.Xiong@walla.co.il,Herzelia
155,Axl,Bull,M,Axl.Bull@walla.co.il,Ramat Hasharon
116,Tess,Dorsey,F,Tess.Dorsey@yahoo.com,Ramat Hasharon
13,Jed,Fuentes,M,Je.Fu@hotmail.com,Givatayim
123,Romy,Neal,F,Romy.Neal@walla.co.il,Tel Aviv
20,Adelina,Ashley,F,Ad.As@hotmail.com,Herzelia
194,Shannon,Harwood,F,Shannon.Ha@walla.co.il,Givatayim
184,Farah,Sutton,F,Farah.Sutton@yahoo.com,Tel Aviv
151,Arisha,Irving,F,Ar.Irving@walla.co.il,Ramat Hasharon
168,Manveer,Knight,F,Manveer.Kn@hotmail.com,Herzelia
52,Franklyn,Findlay,M,Franklyn.Findlay@yahoo.com,Tel Aviv
92,Sofia,Calhoun,F,So.Calhoun@walla.co.il,Ramat Gan
40,Mairead,Acevedo,F,Ma.Acevedo@walla.co.il,Herzelia
61,Kiki,Schneider,F,Kiki.Sc@hotmail.com,Herzelia
166,Luka,Holder,F,Luka.Ho@yahoo.com,Givatayim
134,Brandi,Travis,F,Brandi.Travis@hotmail.com,Tel Aviv
23,Isla-Rose,Heaton,F,Isla-Rose.He@gmail.com,Ramat Hasharon
152,Keir,Broughton,F,Ke.Broughton@hotmail.com,Givatayim
186,Ariya,Armstrong,F,Ariya.Armstrong@gmail.com,Givatayim
36,Sarah,Crossley,F,Sarah.Cr@hotmail.com,Tel Aviv
171,Hanna,Shelton,F,Hanna.Shelton@walla.co.il,Givatayim
56,Kyra,Mccann,F,Ky.Mc@walla.co.il,Tel Aviv
90,Joss,Brandt,F,Joss.Brandt@walla.co.il,Tel Aviv
34,Leoni,Lindsay,F,Leoni.Lindsay@yahoo.com,Ramat Gan
46,Mariyah,Green,F,Ma.Green@walla.co.il,Herzelia
173,Renzo,Henderson,M,Re.Henderson@walla.co.il,Ramat Gan
15,Krystal,Bridges,F,Krystal.Bridges@hotmail.com,Herzelia
57,Kya,Melton,M,Kya.Me@gmail.com,Herzelia
146,Tiya,Warren,F,Tiya.Warren@gmail.com,Tel Aviv
190,Kristina,Hutchinson,F,Kr.Hutchinson@yahoo.com,Ramat Gan
11,Louisa,Grant,F,Lo.Gr@gmail.com,Ramat Gan
185,Subhaan,Washington,M,Su.Wa@hotmail.com,Givatayim
62,Janine,Coulson,F,Ja.Coulson@gmail.com,Herzelia
145,Taran,Samuels,F,Ta.Samuels@hotmail.com,Herzelia
169,Emaan,Greenaway,M,Emaan.Greenaway@gmail.com,Herzelia
86,Keir,Ewing,M,Keir.Ewing@walla.co.il,Ramat Hasharon
47,Joyce,Newton,F,Joyce.Ne@gmail.com,Herzelia
126,Macey,Almond,M,Macey.Almond@yahoo.com,Tel Aviv
68,Aydin,Hirst,M,Aydin.Hirst@hotmail.com,Tel Aviv
53,Lilly-Ann,Frey,F,Li.Fr@hotmail.com,Tel Aviv
193,Mira,Kent,M,Mi.Kent@walla.co.il,Tel Aviv
115,Rami,Sexton,M,Rami.Sexton@hotmail.com,Ramat Gan
192,Amrit,Haworth,M,Am.Ha@hotmail.com,Givatayim
19,Nico,Hastings,M,Ni.Hastings@walla.co.il,Givatayim
176,Amman,Zavala,F,Am.Zavala@gmail.com,Givatayim
130,Haleemah,Davidson,F,Haleemah.Da@yahoo.com,Tel Aviv
191,Kara,Thompson,F,Kara.Thompson@gmail.com,Ramat Gan
195,Samuel,Huerta,M,Sa.Huerta@gmail.com,Ramat Gan
84,Simone,Morse,F,Si.Mo@hotmail.com,Givatayim
77,Claude,Patel,M,Cl.Pa@yahoo.com,Tel Aviv
133,Liyana,Stanton,F,Li.Stanton@hotmail.com,Ramat Gan
67,Campbell,Alvarez,M,Campbell.Alvarez@hotmail.com,Givatayim
2,Landon,Bishop,F,La.Bi@gmail.com,Herzelia
82,Misha,Ashley,M,Mi.As@hotmail.com,Ramat Hasharon
69,Griff,Blackwell,M,Griff.Blackwell@walla.co.il,Ramat Hasharon
177,Sydney,Wells,F,Sy.Wells@yahoo.com,Tel Aviv
174,Freyja,Molina,F,Fr.Mo@hotmail.com,Tel Aviv
7,Asia,Tang,F,Asia.Ta@hotmail.com,Herzelia
58,Colleen,Steele,F,Co.St@hotmail.com,Tel Aviv
132,Yousuf,Banks,M,Yousuf.Ba@hotmail.com,Ramat Gan
162,Christos,Rodriquez,M,Ch.Ro@yahoo.com,Ramat Hasharon
128,Parker,Drake,M,Parker.Dr@walla.co.il,Ramat Hasharon
59,Jaydon,Trujillo,M,Jaydon.Tr@walla.co.il,Tel Aviv
22,Mikaela,Croft,F,Mi.Croft@gmail.com,Givatayim
198,Drew,Begum,M,Drew.Begum@gmail.com,Ramat Hasharon
196,Juan,Barlow,M,Juan.Ba@yahoo.com,Herzelia
140,Florrie,Wilson,F,Fl.Wilson@walla.co.il,Tel Aviv
150,Lilly-Mae,Greer,F,Li.Gr@hotmail.com,Ramat Hasharon
37,Robert,Mckee,M,Robert.Mckee@gmail.com,Herzelia
161,Callen,Dodd,M,Ca.Dodd@hotmail.com,Ramat Hasharon
18,Rohan,Farrell,F,Ro.Fa@yahoo.com,Ramat Hasharon
78,Whitney,Farrington,M,Whitney.Farrington@yahoo.com,Ramat Hasharon
100,Patryk,Burgess,M,Patryk.Burgess@yahoo.com,Herzelia
117,Lillie,Barnard,F,Li.Barnard@hotmail.com,Herzelia
27,Seth,Calvert,M,Se.Ca@walla.co.il,Ramat Hasharon
199,Nial,Meadows,M,Nial.Me@yahoo.com,Givatayim
143,Aman,Driscoll,M,Am.Dr@hotmail.com,Herzelia
51,Essa,Hope,M,Essa.Ho@walla.co.il,Herzelia
142,Atlanta,Cunningham,F,At.Cunningham@hotmail.com,Herzelia
113,Macie,Lara,F,Ma.La@gmail.com,Ramat Hasharon
96,Presley,Yu,F,Pr.Yu@walla.co.il,Ramat Hasharon
147,Ahsan,Oneil,M,Ah.On@walla.co.il,Herzelia
153,Kaiya,Robin,M,Ka.Robin@walla.co.il,Givatayim
48,Kaison,Harvey,M,Kaison.Harvey@yahoo.com,Ramat Gan
160,Yu,Hudson,F,Yu.Hu@yahoo.com,Tel Aviv
50,Jayda,Lord,F,Jayda.Lord@walla.co.il,Tel Aviv
73,Sohaib,Walls,M,Sohaib.Walls@gmail.com,Givatayim
76,Christina,Blankenship,F,Christina.Bl@walla.co.il,Herzelia
88,Anayah,Lee,F,Anayah.Lee@hotmail.com,Herzelia
144,Willie,Cairns,M,Willie.Ca@hotmail.com,Herzelia
167,Milan,Brookes,F,Mi.Br@gmail.com,Givatayim
97,Gabriel,Bannister,M,Ga.Bannister@gmail.com,Tel Aviv
104,Blake,Dyer,F,Blake.Dy@gmail.com,Ramat Hasharon
71,Cecil,Hatfield,M,Ce.Ha@hotmail.com,Ramat Hasharon
21,Marlon,Day,M,Marlon.Day@gmail.com,Tel Aviv
31,Kaisha,Watkins,F,Kaisha.Watkins@walla.co.il,Ramat Gan
14,Clarke,Ponce,M,Clarke.Ponce@walla.co.il,Ramat Gan
12,Glyn,Cooper,M,Gl.Co@hotmail.com,Ramat Hasharon
187,Niyah,Whelan,M,Niyah.Whelan@yahoo.com,Ramat Hasharon
94,Sayed,Irvine,M,Sayed.Ir@yahoo.com,Herzelia
138,Jiya,Raymond,F,Ji.Ra@hotmail.com,Givatayim
183,Elijah,Beech,M,Elijah.Be@hotmail.com,Tel Aviv
89,Jerry,Smith,F,Jerry.Sm@gmail.com,Givatayim
3,Jia,Delarosa,M,Jia.De@gmail.com,Herzelia
122,Ellena,Castro,F,El.Ca@yahoo.com,Herzelia
141,Chanel,Paine,F,Chanel.Paine@gmail.com,Ramat Gan
108,Alexa,Stokes,F,Al.Stokes@yahoo.com,Tel Aviv
43,Simrah,Greig,F,Si.Greig@yahoo.com,Herzelia
42,Aahil,Redman,M,Aahil.Re@hotmail.com,Ramat Hasharon
200,Diya,Myers,F,Diya.My@walla.co.il,Givatayim
127,Tylor,Cochran,M,Ty.Cochran@gmail.com,Ramat Gan
139,Octavia,Hooper,F,Oc.Hooper@gmail.com,Ramat Gan
38,Nathalie,Marshall,F,Na.Marshall@yahoo.com,Givatayim
107,Anton,Ray,M,Anton.Ray@yahoo.com,Givatayim
17,Ellis,Coates,F,El.Co@gmail.com,Ramat Hasharon
4,Valentina,Ratcliffe,F,Va.Ratcliffe@gmail.com,Herzelia
16,Sonia,Rosales,F,So.Ro@yahoo.com,Givatayim
95,Briony,Plummer,F,Br.Pl@yahoo.com,Herzelia
55,Yasir,Noel,M,Ya.Noel@walla.co.il,Givatayim
120,Bridget,Colley,F,Bridget.Co@gmail.com,Givatayim
179,Israel,Dunlap,M,Is.Du@walla.co.il,Ramat Gan
99,Osian,England,M,Os.England@hotmail.com,Herzelia
75,Bridie,Morales,F,Bridie.Morales@yahoo.com,Ramat Gan
54,Cavan,Bates,M,Ca.Ba@walla.co.il,Ramat Hasharon
125,Maheen,Marin,M,Maheen.Ma@hotmail.com,Herzelia
10,Mahad,Ware,M,Ma.Ware@walla.co.il,Givatayim
124,Imogen,Lynch,F,Im.Ly@hotmail.com,Ramat Hasharon
163,Aman,Mccoy,F,Aman.Mc@hotmail.com,Herzelia
189,Nelson,Esparza,M,Nelson.Esparza@yahoo.com,Herzelia
136,Shanay,Reyna,M,Sh.Reyna@yahoo.com,Givatayim
72,Nichole,Edge,F,Nichole.Edge@gmail.com,Givatayim
45,Jaime,Britton,M,Jaime.Britton@walla.co.il,Tel Aviv
49,Blane,Compton,M,Bl.Co@gmail.com,Ramat Hasharon
137,Terrence,Payne,M,Te.Pa@hotmail.com,Tel Aviv
175,Sadie,Waller,F,Sadie.Wa@gmail.com,Ramat Gan
157,Lynn,Mackie,F,Lynn.Ma@yahoo.com,Herzelia
154,Daanyal,Holding,M,Da.Ho@walla.co.il,Ramat Hasharon
24,Amy-Louise,Mayo,F,Am.Mayo@gmail.com,Herzelia
63,Lorena,Dunkley,M,Lo.Dunkley@walla.co.il,Givatayim
178,Jill,Frame,M,Jill.Fr@gmail.com,Tel Aviv
5,Stacie,Patel,F,St.Patel@hotmail.com,Ramat Hasharon
85,Milly,Cash,F,Mi.Cash@gmail.com,Ramat Gan
33,Elspeth,Zuniga,F,El.Zu@gmail.com,Ramat Hasharon
9,Maison,Watt,M,Maison.Watt@gmail.com,Ramat Gan
28,Cassidy,Villa,F,Cassidy.Villa@walla.co.il,Tel Aviv
170,Acacia,Slater,F,Ac.Slater@walla.co.il,Tel Aviv
91,Leo,Walton,M,Leo.Walton@hotmail.com,Givatayim
164,Danyal,Brennan,M,Da.Brennan@gmail.com,Ramat Hasharon
118,Amar,Hewitt,M,Amar.He@gmail.com,Herzelia
156,Amara,Shelton,M,Am.Sh@yahoo.com,Givatayim
129,Bobbie,Cochran,F,Bo.Cochran@gmail.com,Herzelia
119,Steffan,Mata,M,St.Ma@walla.co.il,Ramat Gan
30,Anisah,Downs,F,An.Do@yahoo.com,Ramat Hasharon
74,Lani,O'Reilly,M,Lani.O@walla.co.il,Herzelia
197,Natalia,Daniel,F,Natalia.Da@gmail.com,Herzelia
111,Barbara,Hayward,F,Barbara.Ha@hotmail.com,Ramat Gan
80,Sioned,Russell,F,Sioned.Russell@walla.co.il,Ramat Hasharon
182,Micah,Tucker,M,Mi.Tu@yahoo.com,Ramat Gan
188,Darlene,Perry,F,Da.Perry@hotmail.com,Ramat Gan
29,Madison,Sanchez,F,Madison.Sanchez@hotmail.com,Ramat Hasharon
26,Estelle,Doherty,F,Estelle.Do@hotmail.com,Herzelia
6,Fallon,Case,M,Fa.Case@walla.co.il,Ramat Hasharon
103,Gregor,Bishop,M,Gr.Bishop@hotmail.com,Givatayim
172,Frances,Major,M,Fr.Major@gmail.com,Givatayim
149,Zoey,Hendricks,F,Zoey.He@hotmail.com,Herzelia
109,Simon,Mccormick,M,Si.Mc@walla.co.il,Herzelia
83,Tony,Francis,M,To.Francis@gmail.com,Givatayim
112,Faith,Owen,F,Fa.Ow@yahoo.com,Ramat Hasharon
93,Alexandru,Holmes,M,Al.Ho@hotmail.com,Givatayim
87,Mason,Booth,M,Ma.Bo@yahoo.com,Ramat Gan
25,Safwan,Flowers,M,Sa.Flowers@hotmail.com,Tel Aviv
105,Bonita,Benton,F,Bo.Benton@hotmail.com,Tel Aviv
1,Ollie,Kinney,M,Ol.Kinney@walla.co.il,Herzelia
81,Daniel,Calderon,M,Daniel.Ca@walla.co.il,Givatayim
158,Kristi,Faulkner,M,Kr.Fa@walla.co.il,Givatayim
64,Jody,Horn,F,Jo.Ho@walla.co.il,Ramat Gan
131,Jun,Barnard,M,Ju.Ba@hotmail.com,Ramat Hasharon
35,Ines,Lott,M,Ines.Lo@hotmail.com,Givatayim
106,Simeon,Guevara,M,Simeon.Gu@walla.co.il,Ramat Hasharon
135,Cynthia,Frye,F,Cy.Fr@walla.co.il,Ramat Gan
181,Armaan,Weston,M,Ar.Weston@hotmail.com,Tel Aviv
8,Jadine,Holt,F,Ja.Holt@yahoo.com,Givatayim
79,Danny,Ortiz,M,Danny.Or@hotmail.com,Ramat Hasharon
102,Wren,Arnold,F,Wren.Arnold@yahoo.com,Ramat Hasharon
159,Kaden,Oneal,M,Ka.Oneal@walla.co.il,Ramat Hasharon
65,Carmen,Calvert,F,Carmen.Ca@hotmail.com,Tel Aviv
110,Danyl,Martins,M,Da.Martins@yahoo.com,Givatayim
114,Matthias,Norton,M,Matthias.No@yahoo.com,Givatayim
98,Amina,Hogan,F,Am.Ho@yahoo.com,Givatayim
44,Evie,Berg,F,Ev.Be@gmail.com,Herzelia
41,Hadi,Gardiner,M,Hadi.Ga@hotmail.com,Herzelia
66,Kamron,Goodwin,M,Ka.Goodwin@hotmail.com,Ramat Hasharon
60,Bryson,Lynch,M,Bryson.Ly@hotmail.com,Tel Aviv
39,Alyx,Conway,M,Alyx.Conway@walla.co.il,Tel Aviv
32,Fox,Hunt,M,Fox.Hu@walla.co.il,Herzelia
165,Frankie,Huff,F,Frankie.Huff@walla.co.il,Ramat Hasharon
70,Ari,Barr,M,Ar.Barr@yahoo.com,Ramat Hasharon
121,Princess,Timms,F,Pr.Ti@gmail.com,Tel Aviv
101,Yaqub,Reese,M,Ya.Reese@gmail.com,Tel Aviv
180,Bilaal,Berry,M,Bilaal.Berry@yahoo.com,Ramat Gan
148,Nora,Xiong,M,Nora.Xiong@walla.co.il,Herzelia
155,Axl,Bull,M,Axl.Bull@walla.co.il,Ramat Hasharon
116,Tess,Dorsey,F,Tess.Dorsey@yahoo.com,Ramat Hasharon
13,Jed,Fuentes,M,Je.Fu@hotmail.com,Givatayim
123,Romy,Neal,F,Romy.Neal@walla.co.il,Tel Aviv
20,Adelina,Ashley,F,Ad.As@hotmail.com,Herzelia
194,Shannon,Harwood,F,Shannon.Ha@walla.co.il,Givatayim
184,Farah,Sutton,F,Farah.Sutton@yahoo.com,Tel Aviv
151,Arisha,Irving,F,Ar.Irving@walla.co.il,Ramat Hasharon
168,Manveer,Knight,F,Manveer.Kn@hotmail.com,Herzelia
52,Franklyn,Findlay,M,Franklyn.Findlay@yahoo.com,Tel Aviv
92,Sofia,Calhoun,F,So.Calhoun@walla.co.il,Ramat Gan
40,Mairead,Acevedo,F,Ma.Acevedo@walla.co.il,Herzelia
61,Kiki,Schneider,F,Kiki.Sc@hotmail.com,Herzelia
166,Luka,Holder,F,Luka.Ho@yahoo.com,Givatayim
134,Brandi,Travis,F,Brandi.Travis@hotmail.com,Tel Aviv
23,Isla-Rose,Heaton,F,Isla-Rose.He@gmail.com,Ramat Hasharon
152,Keir,Broughton,F,Ke.Broughton@hotmail.com,Givatayim
186,Ariya,Armstrong,F,Ariya.Armstrong@gmail.com,Givatayim
36,Sarah,Crossley,F,Sarah.Cr@hotmail.com,Tel Aviv
171,Hanna,Shelton,F,Hanna.Shelton@walla.co.il,Givatayim
56,Kyra,Mccann,F,Ky.Mc@walla.co.il,Tel Aviv
90,Joss,Brandt,F,Joss.Brandt@walla.co.il,Tel Aviv
34,Leoni,Lindsay,F,Leoni.Lindsay@yahoo.com,Ramat Gan
46,Mariyah,Green,F,Ma.Green@walla.co.il,Herzelia
173,Renzo,Henderson,M,Re.Henderson@walla.co.il,Ramat Gan
57,Kya,Melton,M,Kya.Me@gmail.com,Herzelia
15,Krystal,Bridges,F,Krystal.Bridges@hotmail.com,Herzelia
190,Kristina,Hutchinson,F,Kr.Hutchinson@yahoo.com,Ramat Gan
146,Tiya,Warren,F,Tiya.Warren@gmail.com,Tel Aviv
11,Louisa,Grant,F,Lo.Gr@gmail.com,Ramat Gan
185,Subhaan,Washington,M,Su.Wa@hotmail.com,Givatayim
62,Janine,Coulson,F,Ja.Coulson@gmail.com,Herzelia
145,Taran,Samuels,F,Ta.Samuels@hotmail.com,Herzelia
169,Emaan,Greenaway,M,Emaan.Greenaway@gmail.com,Herzelia
86,Keir,Ewing,M,Keir.Ewing@walla.co.il,Ramat Hasharon
